index_in_source,combined_position
1,51
2,631
3,5312
4,9002
5,6209
6,2319
7,11
8,756
9,6471
10,1956
11,1684
12,1104
13,5591
14,6614
15,9123
16,8434
17,1190
18,4818
19,4603
20,8241
21,2346
22,5905
23,680
24,3094
25,1015
26,972
27,3008
28,4743
29,2357
30,9606
31,1253
32,1496
33,85
34,9044
35,5052
36,2046
37,3949
38,1770
39,1739
40,6194
41,2960
42,408
43,5660
44,1855
45,2249
46,441
47,3429
48,1488
49,730
50,2564
51,8555
52,1146
53,9175
54,9625
55,8475
56,4194
57,4516
58,1088
59,2629
60,1836
61,1906
62,1100
63,1816
64,7684
65,5101
66,1336
67,1828
68,7734
69,61
70,8460
71,1846
72,500
73,6141
74,1999
75,1375
76,1920
77,3501
78,2278
79,3929
80,14
81,114
82,6662
83,4315
84,1107
85,2136
86,2902
87,2909
88,1409
89,4678
90,606
91,4383
92,340
93,3289
94,3983
95,2471
96,5455
97,7810
98,3870
99,321
100,364
101,1316
102,5967
103,4650
104,723
105,1281
106,857
107,3792
108,813
109,7144
110,551
111,6734
112,1460
113,5297
114,9714
115,3746
116,6127
117,2218
118,547
119,4347
120,4570
121,342
122,3372
123,211
124,4923
125,1141
126,2900
127,5300
128,4878
129,2579
130,6895
131,25
132,3480
133,6084
134,3132
135,3329
136,3570
137,252
138,6592
139,2366
140,3546
141,1851
142,5284
143,2801
144,5166
145,3256
146,2347
147,5687
148,1256
149,3081
150,7534
151,3606
152,7158
153,985
154,3030
155,3064
156,415
157,4016
158,7464
159,4467
160,3496
161,3062
162,5484
163,1509
164,7611
165,5362
166,830
167,9654
168,1524
169,3452
170,585
171,5162
172,2979
173,281
174,3493
175,5254
176,3104
177,6979
178,46
179,2827
180,1953
181,8998
182,7507
183,4743
184,1441
185,2418
186,818
187,2750
188,4672
189,346
190,563
191,1159
192,4066
193,4608
194,743
195,1831
196,3238
197,1891
198,587
199,6739
200,2395
201,9663
202,3337
203,1607
204,6745
205,1301
206,3769
207,9723
208,5717
209,5082
210,6856
211,4788
212,4229
213,6624
214,341
215,311
216,3897
217,1611
218,4229
219,6292
220,4423
221,654
222,6177
223,3072
224,5389
225,6689
226,5220
227,486
228,38
229,8075
230,6990
231,3244
232,7447
233,5471
234,3402
235,236
236,4658
237,2674
238,987
239,4259
240,5778
241,2113
242,1182
243,1815
244,3247
245,6728
246,7750
247,2905
248,5189
249,7240
250,3998
251,3207
252,504
253,2189
254,5681
255,3776
256,6318
257,6101
258,2419
259,256
260,7766
261,6055
262,703
263,4407
264,4128
265,6626
266,187
267,192
268,5332
269,3307
270,2988
271,4473
272,719
273,1480
274,3106
275,2864
276,6276
277,5867
278,8128
279,2109
280,3052
281,7428
282,3743
283,5318
284,7331
285,5295
286,630
287,877
288,1262
289,416
290,7056
291,1176
292,8511
293,4586
294,4496
295,6216
296,575
297,498
298,72
299,4484
300,3609
301,9281
302,6836
303,6086
304,1418
305,478
306,3272
307,4551
308,5291
309,148
310,5917
311,6705
312,25
313,2398
314,300
315,2631
316,518
317,4998
318,3089
319,440
320,288
321,9782
322,1282
323,1195
324,3297
325,5915
326,2789
327,2679
328,7709
329,3060
330,2965
331,9375
332,246
333,1156
334,242
335,1831
336,1991
337,460
338,3446
339,9321
340,3105
341,2987
342,477
343,1720
344,8107
345,7340
346,101
347,2341
348,283
349,6437
350,4067
351,1682
352,767
353,5748
354,4739
355,2590
356,3464
357,6129
358,4555
359,3880
360,454
361,111
362,3346
363,5068
364,5876
365,647
366,2119
367,7615
368,2331
369,50
370,3246
371,4259
372,942
373,5152
374,2721
375,2967
376,3806
377,1531
378,1249
379,4751
380,9761
381,2067
382,5641
383,1520
384,1441
385,2268
386,5410
387,474
388,1123
389,1593
390,5948
391,3219
392,5932
393,510
394,2971
395,4457
396,5622
397,2794
398,3045
399,1193
400,1479
401,3496
402,990
403,2309
404,9188
405,1274
406,6094
407,4331
408,2552
409,4332
410,1471
411,6258
412,2402
413,1362
414,278
415,5500
416,6997
417,1845
418,609
419,6865
420,2691
421,799
422,4979
423,2382
424,1584
425,1286
426,8108
427,1729
428,445
429,202
430,9598
431,6500
432,1709
433,3506
434,451
435,134
436,6145
437,5259
438,4911
439,1005
440,685
441,2009
442,546
443,752
444,4786
445,6935
446,709
447,2719
448,265
449,2894
450,3451
451,1213
452,6351
453,2002
454,6881
455,2581
456,6091
457,7665
458,7988
459,5196
460,1665
461,2384
462,6214
463,260
464,4626
465,5368
466,4516
467,929
468,2342
469,8060
470,378
471,463
472,8417
473,333
474,3870
475,8616
476,2377
477,8128
478,2555
479,791
480,2126
481,68
482,2744
483,1034
484,9897
485,41
486,1338
487,760
488,8012
489,379
490,243
491,1425
492,7410
493,5410
494,2627
495,6047
496,2660
497,5117
498,420
499,9182
500,1151
501,2307
502,5841
503,6592
504,2836
505,3180
506,505
507,514
508,3628
509,491
510,2791
511,539
512,4483
513,5654
514,3266
515,4643
516,1752
517,2319
518,3545
519,2110
520,1971
521,2989
522,4841
523,1940
524,635
525,406
526,6932
527,4735
528,7788
529,2176
530,1455
531,3153
532,2076
533,2314
534,1381
535,5589
536,6316
537,4065
538,44
539,360
540,6696
541,2069
542,4972
543,5277
544,114
545,4722
546,7539
547,5416
548,4299
549,643
550,9085
551,3412
552,561
553,15
554,4863
555,2996
556,3784
557,9220
558,3393
559,6894
560,1638
561,8439
562,7016
563,8564
564,1429
565,5901
566,4309
567,9188
568,4397
569,699
570,555
571,5100
572,3743
573,839
574,1058
575,758
576,3362
577,5537
578,6960
579,6562
580,1460
581,233
582,1271
583,6374
584,3227
585,6383
586,1035
587,4282
588,1656
589,6247
590,440
591,2194
592,213
593,5403
594,1944
595,2483
596,7079
597,473
598,7532
599,47
600,1756
601,1987
602,1782
603,8736
604,1850
605,8420
606,3981
607,742
608,6415
609,2221
610,9360
611,336
612,3795
613,5496
614,82
615,2926
616,2307
617,721
618,4961
619,1953
620,4188
621,8107
622,3924
623,4794
624,4922
625,5738
626,1093
627,4270
628,720
629,2294
630,3562
631,2567
632,1841
633,7000
634,898
635,6568
636,2373
637,5792
638,2560
639,6497
640,2922
641,720
642,84
643,5815
644,345
645,4266
646,8213
647,1695
648,963
649,165
650,5603
651,7839
652,1424
653,882
654,7488
655,8699
656,1135
657,193
658,7542
659,1367
660,3528
661,2703
662,5793
663,666
664,26
665,5194
666,2697
667,5467
668,2678
669,3424
670,163
671,4874
672,55
673,8894
674,5334
675,3896
676,4843
677,2158
678,874
679,988
680,8227
681,4625
682,258
683,8047
684,504
685,1959
686,925
687,593
688,935
689,1872
690,7731
691,2461
692,1295
693,1145
694,5219
695,977
696,5631
697,9193
698,1458
699,6465
700,230
701,580
702,487
703,2391
704,165
705,6123
706,4087
707,7144
708,701
709,1991
710,3376
711,5554
712,1964
713,3184
714,586
715,6177
716,1415
717,1918
718,8378
719,4684
720,8562
721,5167
722,4512
723,7927
724,1207
725,4478
726,22
727,4861
728,3570
729,766
730,7779
731,112
732,8047
733,7640
734,4116
735,9124
736,3295
737,5482
738,2621
739,387
740,2131
741,1895
742,2053
743,2770
744,1164
745,6540
746,3544
747,6004
748,763
749,19
750,2452
751,3999
752,1014
753,3422
754,2057
755,3046
756,2588
757,3754
758,8755
759,3523
760,559
761,7792
762,2441
763,4156
764,1382
765,1658
766,8
767,4212
768,2995
769,3096
770,5282
771,4646
772,5408
773,1065
774,7071
775,3799
776,3950
777,3299
778,2855
779,2124
780,5821
781,9292
782,2747
783,2074
784,115
785,3781
786,5352
787,300
788,6692
789,717
790,3357
791,100
792,3709
793,1354
794,3467
795,6632
796,1141
797,603
798,2764
799,9229
800,1751
801,7760
802,2308
803,1941
804,3480
805,7684
806,1234
807,173
808,1276
809,3953
810,4336
811,8929
812,1180
813,1661
814,3157
815,1433
816,1729
817,2527
818,1022
819,4118
820,515
821,2380
822,8658
823,365
824,2356
825,139
826,372
827,1279
828,2235
829,1421
830,788
831,2424
832,6272
833,3677
834,823
835,2906
836,869
837,6723
838,470
839,6710
840,921
841,4918
842,3919
843,63
844,4231
845,8116
846,463
847,2460
848,3957
849,820
850,2645
851,3622
852,3556
853,625
854,1074
855,8035
856,4088
857,6332
858,4721
859,3629
860,2578
861,1742
862,1913
863,4991
864,3215
865,772
866,1626
867,1177
868,3845
869,7079
870,4467
871,8952
872,619
873,3657
874,2233
875,8362
876,943
877,1007
878,926
879,7492
880,2280
881,1562
882,1553
883,6921
884,4764
885,6083
886,1420
887,2975
888,754
889,5300
890,3472
891,685
892,5248
893,4339
894,2644
895,2382
896,6518
897,1876
898,2784
899,685
900,9384
901,5320
902,1359
903,8053
904,2776
905,4360
906,3650
907,9340
908,3907
909,2820
910,8276
911,4772
912,237
913,3366
914,3943
915,204
916,5361
917,1175
918,297
919,1728
920,9685
921,2659
922,528
923,5640
924,5462
925,5754
926,7116
927,116
928,1074
929,7280
930,3407
931,5262
932,1042
933,3825
934,1294
935,4028
936,4763
937,8095
938,6498
939,3100
940,292
941,1163
942,1180
943,899
944,2845
945,5917
946,5321
947,6013
948,5110
949,6046
950,4631
951,7934
952,5011
953,1189
954,21
955,1733
956,3343
957,195
958,4580
959,413
960,2354
961,1779
962,3804
963,8538
964,829
965,774
966,7911
967,2810
968,780
969,990
970,2140
971,9248
972,2730
973,3324
974,24
975,684
976,4616
977,169
978,3492
979,787
980,8469
981,262
982,2621
983,6327
984,3427
985,102
986,1020
987,5012
988,9421
989,5895
990,7193
991,2314
992,608
993,6550
994,588
995,5506
996,1287
997,3673
998,4605
999,158
1000,3775
1001,761
1002,3618
1003,36
1004,2269
1005,3111
1006,8648
1007,8179
1008,851
1009,4145
1010,5882
1011,2319
1012,2311
1013,429
1014,2635
1015,3825
1016,4000
1017,5961
1018,1313
1019,1293
1020,8045
1021,5354
1022,363
1023,9569
1024,639
1025,808
1026,3321
1027,6076
1028,5011
1029,2001
1030,119
1031,23
1032,8079
1033,2964
1034,8714
1035,6385
1036,8078
1037,9754
1038,5868
1039,6556
1040,5507
1041,6497
1042,2961
1043,444
1044,7051
1045,7364
1046,938
1047,3505
1048,1238
1049,279
1050,7127
1051,4063
1052,1686
1053,1345
1054,6534
1055,3382
1056,1586
1057,448
1058,663
1059,328
1060,6385
1061,2773
1062,2039
1063,76
1064,3891
1065,8256
1066,3356
1067,4501
1068,1935
1069,4303
1070,93
1071,1396
1072,60
1073,642
1074,8658
1075,543
1076,2992
1077,3678
1078,5571
1079,2295
1080,2539
1081,2284
1082,287
1083,4219
1084,1000
1085,1597
1086,1619
1087,549
1088,1126
1089,5784
1090,94
1091,2511
1092,241
1093,667
1094,1038
1095,1517
1096,1672
1097,1483
1098,9536
1099,3764
1100,6490
1101,1723
1102,6279
1103,3455
1104,1385
1105,5379
1106,8882
1107,8975
1108,2963
1109,44
1110,231
1111,4539
1112,7026
1113,7084
1114,4050
1115,218
1116,3270
1117,8874
1118,3663
1119,3399
1120,8823
1121,8548
1122,2951
1123,6596
1124,2021
1125,4178
1126,8010
1127,8555
1128,5143
1129,4346
1130,3600
1131,247
1132,3580
1133,1344
1134,6756
1135,8031
1136,6070
1137,6105
1138,1800
1139,5683
1140,5391
1141,3373
1142,9178
1143,6732
1144,659
1145,1241
1146,431
1147,7107
1148,4451
1149,1933
1150,8426
1151,946
1152,8740
1153,8636
1154,331
1155,7939
1156,3708
1157,1099
1158,4917
1159,650
1160,1602
1161,7243
1162,7280
1163,4187
1164,621
1165,838
1166,1757
1167,378
1168,551
1169,164
1170,3053
1171,4331
1172,706
1173,755
1174,4580
1175,2199
1176,176
1177,5620
1178,6663
1179,926
1180,2642
1181,6947
1182,858
1183,1417
1184,5468
1185,2897
1186,53
1187,8669
1188,7951
1189,4268
1190,9393
1191,1698
1192,7353
1193,4903
1194,2494
1195,6006
1196,1068
1197,3087
1198,4842
1199,6016
1200,7895
1201,1072
1202,1932
1203,3283
1204,7961
1205,1202
1206,2834
1207,4142
1208,435
1209,3099
1210,6486
1211,711
1212,1123
1213,142
1214,696
1215,3197
1216,5712
1217,4696
1218,1240
1219,126
1220,171
1221,2023
1222,2143
1223,6076
1224,7271
1225,1754
1226,616
1227,737
1228,1663
1229,1982
1230,3513
1231,5125
1232,634
1233,4223
1234,5401
1235,8982
1236,5038
1237,1637
1238,1325
1239,1870
1240,1712
1241,2752
1242,2905
1243,838
1244,5998
1245,3573
1246,1476
1247,179
1248,2445
1249,671
1250,2494
1251,9396
1252,330
1253,7162
1254,1869
1255,6498
1256,3824
1257,3047
1258,1296
1259,1855
1260,4348
1261,5173
1262,650
1263,3757
1264,976
1265,702
1266,8891
1267,2593
1268,2188
1269,2738
1270,3239
1271,6752
1272,3416
1273,3570
1274,1018
1275,133
1276,8735
1277,1930
1278,3251
1279,4115
1280,359
1281,2174
1282,5164
1283,1490
1284,3717
1285,6264
1286,4752
1287,3159
1288,1995
1289,997
1290,6734
1291,6459
1292,5589
1293,3054
1294,7355
1295,154
1296,3208
1297,2841
1298,7944
1299,6669
1300,263
1301,5311
1302,9297
1303,1402
1304,4485
1305,2558
1306,2396
1307,3388
1308,695
1309,5404
1310,2069
1311,3914
1312,7613
1313,2923
1314,2792
1315,3128
1316,5941
1317,4032
1318,3857
1319,7374
1320,2395
1321,1970
1322,1255
1323,8582
1324,1086
1325,1233
1326,9647
1327,4029
1328,1387
1329,3921
1330,3064
1331,1988
1332,2876
1333,3887
1334,1683
1335,1615
1336,4740
1337,7
1338,2244
1339,3742
1340,775
1341,9602
1342,4092
1343,2118
1344,6874
1345,1223
1346,222
1347,4011
1348,8278
1349,4456
1350,266
1351,2792
1352,725
1353,6710
1354,2699
1355,4482
1356,1021
1357,7798
1358,4276
1359,3377
1360,391
1361,6423
1362,1808
1363,1696
1364,9552
1365,9033
1366,8614
1367,1330
1368,4599
1369,3113
1370,1137
1371,5467
1372,4218
1373,1022
1374,4902
1375,3100
1376,5257
1377,2733
1378,919
1379,7056
1380,6985
1381,6247
1382,3623
1383,5622
1384,2956
1385,2729
1386,9574
1387,1856
1388,2058
1389,7373
1390,3963
1391,436
1392,5483
1393,2223
1394,6005
1395,1879
1396,6585
1397,12
1398,5235
1399,360
1400,3901
1401,4219
1402,1651
1403,1919
1404,6294
1405,2914
1406,494
1407,3874
1408,3322
1409,883
1410,4807
1411,2261
1412,2584
1413,1124
1414,610
1415,124
1416,350
1417,2755
1418,16
1419,8053
1420,4551
1421,6171
1422,5600
1423,6883
1424,6345
1425,5610
1426,3014
1427,5086
1428,3337
1429,4962
1430,4401
1431,2264
1432,1412
1433,9708
1434,3297
1435,750
1436,2473
1437,3859
1438,721
1439,108
1440,1176
1441,705
1442,6702
1443,3812
1444,1206
1445,5580
1446,4538
1447,568
1448,2462
1449,5993
1450,8761
1451,4993
1452,485
1453,3920
1454,4253
1455,3510
1456,797
1457,901
1458,8342
1459,7470
1460,327
1461,8076
1462,489
1463,6053
1464,8961
1465,4320
1466,603
1467,3252
1468,1885
1469,825
1470,4517
1471,1679
1472,3582
1473,6292
1474,4042
1475,357
1476,29
1477,3164
1478,8165
1479,462
1480,897
1481,4427
1482,4061
1483,1507
1484,7348
1485,1909
1486,1296
1487,3219
1488,1854
1489,468
1490,2662
1491,3719
1492,2800
1493,7719
1494,1616
1495,6013
1496,8569
1497,157
1498,4669
1499,2444
1500,2306
1501,4925
1502,5042
1503,47
1504,8978
1505,5429
1506,3047
1507,125
1508,7452
1509,3824
1510,4342
1511,3983
1512,3103
1513,1934
1514,601
1515,80
1516,3776
1517,2016
1518,2621
1519,1101
1520,7377
1521,1911
1522,5855
1523,5899
1524,9305
1525,58
1526,5094
1527,3994
1528,370
1529,9420
1530,4864
1531,5978
1532,1008
1533,744
1534,3235
1535,2244
1536,4288
1537,3114
1538,1230
1539,9123
1540,7474
1541,6936
1542,4664
1543,6376
1544,7628
1545,8731
1546,4624
1547,2809
1548,8544
1549,4088
1550,4602
1551,3643
1552,64
1553,223
1554,351
1555,4471
1556,4485
1557,1611
1558,5489
1559,3999
1560,130
1561,4967
1562,4770
1563,3925
1564,870
1565,693
1566,7377
1567,8240
1568,3783
1569,269
1570,1135
1571,4668
1572,5137
1573,761
1574,1591
1575,2685
1576,1475
1577,5572
1578,3210
1579,4367
1580,4808
1581,7255
1582,3002
1583,1278
1584,207
1585,7153
1586,3953
1587,1973
1588,7496
1589,1113
1590,398
1591,110
1592,1056
1593,1422
1594,3348
1595,455
1596,883
1597,3726
1598,480
1599,6207
1600,4601
1601,3341
1602,1260
1603,507
1604,1
1605,4135
1606,1390
1607,928
1608,2570
1609,1098
1610,5331
1611,5750
1612,598
1613,7284
1614,3223
1615,1657
1616,6342
1617,3450
1618,3191
1619,7943
1620,6039
1621,315
1622,4303
1623,1028
1624,89
1625,4221
1626,1899
1627,1344
1628,8117
1629,2030
1630,7516
1631,4450
1632,8611
1633,9150
1634,7519
1635,8784
1636,914
1637,1147
1638,5529
1639,1810
1640,7131
1641,4860
1642,197
1643,2960
1644,2453
1645,2
1646,4559
1647,3028
1648,173
1649,3693
1650,6698
1651,676
1652,7628
1653,8484
1654,2453
1655,3638
1656,1201
1657,8520
1658,7188
1659,2553
1660,2663
1661,5160
1662,3422
1663,2308
1664,2455
1665,561
1666,8302
1667,3716
1668,559
1669,2422
1670,488
1671,9643
1672,520
1673,715
1674,854
1675,6856
1676,3449
1677,1670
1678,5319
1679,3752
1680,813
1681,2451
1682,503
1683,9683
1684,9088
1685,1220
1686,3257
1687,3231
1688,3303
1689,8687
1690,6357
1691,313
1692,4927
1693,697
1694,997
1695,245
1696,4873
1697,41
1698,5042
1699,2663
1700,5975
1701,1289
1702,3311
1703,6486
1704,4125
1705,6695
1706,503
1707,1969
1708,911
1709,6528
1710,1926
1711,4693
1712,6011
1713,3967
1714,1230
1715,9376
1716,982
1717,1119
1718,181
1719,5564
1720,1286
1721,2982
1722,1484
1723,4955
1724,3650
1725,5173
1726,6580
1727,445
1728,1192
1729,6299
1730,2050
1731,2027
1732,1411
1733,6718
1734,3520
1735,78
1736,1492
1737,427
1738,3195
1739,5508
1740,4075
1741,7348
1742,2121
1743,6792
1744,2301
1745,1255
1746,9865
1747,2757
1748,7705
1749,4026
1750,3068
1751,9884
1752,340
1753,1184
1754,6349
1755,1103
1756,806
1757,2842
1758,48
1759,8835
1760,1535
1761,438
1762,7307
1763,297
1764,8448
1765,5491
1766,1281
1767,4685
1768,299
1769,1796
1770,7577
1771,501
1772,1938
1773,7580
1774,1271
1775,3008
1776,4018
1777,504
1778,7254
1779,6204
1780,4991
1781,4986
1782,6979
1783,1328
1784,651
1785,3598
1786,1782
1787,98
1788,3696
1789,1871
1790,537
1791,4918
1792,3516
1793,9816
1794,6518
1795,6413
1796,418
1797,2407
1798,770
1799,421
1800,4576
1801,1764
1802,5563
1803,7602
1804,1409
1805,5953
1806,3974
1807,2273
1808,860
1809,6922
1810,2022
1811,2465
1812,6487
1813,491
1814,8183
1815,4734
1816,3846
1817,3418
1818,2531
1819,6684
1820,801
1821,4933
1822,5943
1823,1552
1824,2737
1825,1319
1826,2001
1827,1967
1828,9232
1829,124
1830,452
1831,548
1832,2388
1833,8369
1834,661
1835,8326
1836,9519
1837,5388
1838,8731
1839,1497
1840,6854
1841,5664
1842,1760
1843,790
1844,2204
1845,8773
1846,9420
1847,485
1848,5039
1849,7740
1850,2637
1851,2167
1852,4516
1853,1435
1854,6581
1855,2717
1856,309
1857,5123
1858,7372
1859,1989
1860,2326
1861,5240
1862,4863
1863,4311
1864,922
1865,6139
1866,2819
1867,2270
1868,4502
1869,806
1870,271
1871,7867
1872,380
1873,6639
1874,1169
1875,1348
1876,5744
1877,1372
1878,9477
1879,4271
1880,1689
1881,2359
1882,8526
1883,2267
1884,949
1885,4985
1886,4941
1887,5852
1888,1111
1889,6737
1890,9671
1891,2572
1892,99
1893,7648
1894,8448
1895,3499
1896,6908
1897,172
1898,1472
1899,5608
1900,3446
1901,4467
1902,558
1903,7055
1904,8487
1905,7526
1906,3728
1907,4676
1908,1834
1909,130
1910,228
1911,2733
1912,2517
1913,9334
1914,8059
1915,8821
1916,2930
1917,7535
1918,8035
1919,5274
1920,8870
1921,5788
1922,987
1923,3582
1924,4931
1925,4968
1926,5709
1927,2464
1928,8216
1929,141
1930,6468
1931,1071
1932,1588
1933,2561
1934,544
1935,9612
1936,1137
1937,5063
1938,7680
1939,1486
1940,6320
1941,7669
1942,4225
1943,3042
1944,3210
1945,9368
1946,8515
1947,135
1948,5049
1949,3151
1950,5164
1951,2558
1952,6002
1953,69
1954,6782
1955,2973
1956,2142
1957,7784
1958,1324
1959,2762
1960,8821
1961,2904
1962,244
1963,5226
1964,865
1965,3502
1966,7615
1967,1475
1968,146
1969,5221
1970,208
1971,4979
1972,2715
1973,632
1974,3102
1975,4237
1976,5468
1977,1591
1978,5855
1979,3867
1980,517
1981,5290
1982,8542
1983,5106
1984,1564
1985,1013
1986,8582
1987,371
1988,1757
1989,6948
1990,7617
1991,3345
1992,166
1993,3132
1994,408
1995,6138
1996,3081
1997,4462
1998,3709
1999,542
2000,2248
2001,2252
2002,4032
2003,4381
2004,9563
2005,373
2006,28
2007,3289
2008,2117
2009,821
2010,3190
2011,1852
2012,6176
2013,1022
2014,4053
2015,1934
2016,626
2017,3844
2018,9692
2019,5280
2020,1936
2021,81
2022,674
2023,2076
2024,2446
2025,3420
2026,5209
2027,1652
2028,578
2029,5001
2030,768
2031,7390
2032,2525
2033,6048
2034,1095
2035,3516
2036,4653
2037,2344
2038,521
2039,2558
2040,2720
2041,3795
2042,4880
2043,7562
2044,5626
2045,2340
2046,5617
2047,2441
2048,5052
2049,697
2050,1537
2051,2604
2052,617
2053,3461
2054,4021
2055,1070
2056,6684
2057,3983
2058,2026
2059,3782
2060,2272
2061,8772
2062,3229
2063,4160
2064,68
2065,2081
2066,2998
2067,6276
2068,4516
2069,8205
2070,2133
2071,127
2072,3547
2073,6434
2074,7321
2075,2262
2076,1899
2077,5342
2078,1447
2079,526
2080,8686
2081,4447
2082,6663
2083,2285
2084,784
2085,3089
2086,8297
2087,4904
2088,897
2089,5599
2090,617
2091,7017
2092,7144
2093,7088
2094,2329
2095,444
2096,2179
2097,9802
2098,45
2099,1111
2100,7215
2101,8337
2102,1143
2103,1298
2104,862
2105,4576
2106,4370
2107,384
2108,6971
2109,6246
2110,1860
2111,7541
2112,7320
2113,2080
2114,1876
2115,238
2116,7753
2117,2587
2118,3940
2119,5780
2120,4489
2121,3443
2122,2303
2123,7121
2124,2158
2125,5868
2126,2321
2127,6024
2128,2480
2129,1515
2130,2227
2131,6752
2132,5210
2133,496
2134,319
2135,4012
2136,8516
2137,6410
2138,3033
2139,2980
2140,3945
2141,2354
2142,2812
2143,3266
2144,4852
2145,2837
2146,215
2147,6302
2148,1085
2149,1397
2150,3076
2151,5568
2152,8345
2153,4466
2154,4641
2155,3327
2156,9543
2157,4332
2158,489
2159,1304
2160,300
2161,2893
2162,630
2163,2948
2164,1310
2165,5557
2166,2693
2167,3036
2168,3806
2169,1787
2170,7780
2171,6475
2172,9579
2173,3502
2174,9832
2175,8131
2176,817
2177,8864
2178,2852
2179,4571
2180,4549
2181,2485
2182,4309
2183,7927
2184,7776
2185,388
2186,3192
2187,1528
2188,317
2189,1662
2190,647
2191,4016
2192,607
2193,2067
2194,5622
2195,3263
2196,4372
2197,1191
2198,4853
2199,3224
2200,1786
2201,2982
2202,5329
2203,2924
2204,4647
2205,4267
2206,5457
2207,2725
2208,150
2209,1446
2210,5734
2211,809
2212,4896
2213,2410
2214,404
2215,2299
2216,1688
2217,1112
2218,2577
2219,6673
2220,4062
2221,9188
2222,1597
2223,5654
2224,2963
2225,7872
2226,6138
2227,4118
2228,506
2229,1849
2230,4088
2231,8795
2232,74
2233,5406
2234,3987
2235,8390
2236,350
2237,2685
2238,6785
2239,2010
2240,596
2241,1582
2242,4650
2243,6253
2244,1254
2245,7224
2246,835
2247,3875
2248,2610
2249,5334
2250,1565
2251,1251
2252,6833
2253,1227
2254,562
2255,4582
2256,3606
2257,3055
2258,8538
2259,916
2260,995
2261,2193
2262,5596
2263,2024
2264,2532
2265,7978
2266,3143
2267,884
2268,3272
2269,2557
2270,4079
2271,1607
2272,831
2273,339
2274,3877
2275,3693
2276,892
2277,1963
2278,8969
2279,37
2280,5662
2281,4762
2282,2169
2283,1178
2284,307
2285,6230
2286,1155
2287,4498
2288,5855
2289,9160
2290,2014
2291,5889
2292,9624
2293,7467
2294,6170
2295,2561
2296,4523
2297,1474
2298,670
2299,209
2300,7486
2301,3813
2302,1640
2303,8587
2304,5995
2305,365
2306,4309
2307,1700
2308,3637
2309,3237
2310,956
2311,1041
2312,5069
2313,2887
2314,9138
2315,3866
2316,6063
2317,1993
2318,4584
2319,3581
2320,3081
2321,6024
2322,1878
2323,592
2324,3420
2325,4412
2326,920
2327,375
2328,4578
2329,7308
2330,8608
2331,2095
2332,3186
2333,7841
2334,5909
2335,5549
2336,646
2337,6260
2338,1636
2339,6185
2340,147
2341,939
2342,1346
2343,2636
2344,4880
2345,4226
2346,4616
2347,3271
2348,5308
2349,2039
2350,5920
2351,2354
2352,4323
2353,4518
2354,2052
2355,1978
2356,7804
2357,4014
2358,138
2359,3749
2360,7702
2361,7622
2362,9344
2363,2758
2364,3716
2365,2636
2366,7030
2367,3407
2368,7695
2369,602
2370,3956
2371,2150
2372,4779
2373,6402
2374,3741
2375,744
2376,5567
2377,4698
2378,6290
2379,5637
2380,709
2381,4172
2382,469
2383,3803
2384,1220
2385,5666
2386,7326
2387,4855
2388,7608
2389,4502
2390,1358
2391,3335
2392,3331
2393,43
2394,8467
2395,7823
2396,2028
2397,1247
2398,1030
2399,880
2400,3484
2401,1563
2402,2202
2403,5473
2404,7582
2405,756
2406,6997
2407,6053
2408,1400
2409,2566
2410,807
2411,4650
2412,6841
2413,9177
2414,3556
2415,1420
2416,1825
2417,3996
2418,434
2419,7773
2420,4574
2421,5713
2422,3759
2423,727
2424,1090
2425,2196
2426,3607
2427,4516
2428,922
2429,3221
2430,3045
2431,1304
2432,924
2433,4077
2434,5028
2435,2491
2436,7473
2437,2698
2438,5868
2439,5259
2440,8492
2441,849
2442,129
2443,558
2444,3208
2445,6269
2446,9241
2447,6691
2448,1943
2449,1692
2450,2495
2451,2630
2452,8247
2453,5606
2454,4435
2455,920
2456,7028
2457,2126
2458,8073
2459,9830
2460,221
2461,4013
2462,2912
2463,5575
2464,2294
2465,3020
2466,3782
2467,4169
2468,5365
2469,137
2470,6136
2471,2425
2472,1971
2473,5605
2474,1775
2475,7638
2476,3733
2477,4243
2478,8133
2479,4435
2480,9220
2481,6122
2482,8248
2483,5565
2484,6563
2485,2759
2486,1431
2487,3621
2488,2122
2489,6723
2490,403
2491,580
2492,7286
2493,4124
2494,2444
2495,7641
2496,6247
2497,2492
2498,8205
2499,1823
2500,1469
2501,3018
2502,5333
2503,2162
2504,5746
2505,3871
2506,4485
2507,541
2508,9201
2509,4793
2510,20
2511,475
2512,3032
2513,7912
2514,219
2515,2960
2516,4990
2517,2937
2518,7709
2519,741
2520,4667
2521,5237
2522,8947
2523,3615
2524,783
2525,4056
2526,2417
2527,3630
2528,5054
2529,1134
2530,6670
2531,7793
2532,3163
2533,4950
2534,310
2535,4030
2536,3122
2537,1158
2538,71
2539,1461
2540,7117
2541,1281
2542,1786
2543,6149
2544,9184
2545,104
2546,945
2547,1972
2548,6853
2549,1495
2550,3046
2551,7770
2552,6987
2553,3387
2554,1177
2555,2140
2556,679
2557,6359
2558,7130
2559,6303
2560,3364
2561,2556
2562,3355
2563,5991
2564,42
2565,48
2566,3732
2567,6792
2568,626
2569,883
2570,3634
2571,3313
2572,1031
2573,476
2574,7321
2575,3380
2576,5277
2577,9554
2578,748
2579,7867
2580,2506
2581,2918
2582,2963
2583,4412
2584,4533
2585,2079
2586,7464
2587,5685
2588,6432
2589,6035
2590,2024
2591,7625
2592,4412
2593,5
2594,3524
2595,3970
2596,3148
2597,9224
2598,8847
2599,5459
2600,1856
2601,1383
2602,2494
2603,4297
2604,5873
2605,1223
2606,6909
2607,1848
2608,8940
2609,2240
2610,776
2611,4963
2612,7517
2613,2150
2614,539
2615,141
2616,2772
2617,2260
2618,2546
2619,2607
2620,8011
2621,2458
2622,3208
2623,3533
2624,5897
2625,5204
2626,781
2627,7447
2628,6464
2629,8473
2630,833
2631,2047
2632,1956
2633,5862
2634,4893
2635,4599
2636,5260
2637,4397
2638,9116
2639,2962
2640,2166
2641,4724
2642,5300
2643,6623
2644,1355
2645,5574
2646,4388
2647,3695
2648,3088
2649,5376
2650,2661
2651,614
2652,525
2653,7439
2654,840
2655,5365
2656,1810
2657,5042
2658,1159
2659,2620
2660,2711
2661,79
2662,9157
2663,5366
2664,818
2665,8040
2666,224
2667,4634
2668,1532
2669,5931
2670,6784
2671,6597
2672,4877
2673,542
2674,3837
2675,1100
2676,1990
2677,6056
2678,9499
2679,3639
2680,7905
2681,845
2682,1475
2683,1396
2684,3664
2685,1655
2686,6805
2687,841
2688,2478
2689,7349
2690,1870
2691,4046
2692,7991
2693,1892
2694,8310
2695,4122
2696,3918
2697,6441
2698,154
2699,7132
2700,3294
2701,9180
2702,4748
2703,1893
2704,795
2705,7027
2706,1259
2707,8941
2708,7262
2709,6091
2710,4907
2711,6719
2712,6362
2713,175
2714,2154
2715,6666
2716,1109
2717,3366
2718,91
2719,292
2720,4087
2721,3489
2722,318
2723,1370
2724,7166
2725,1260
2726,1797
2727,5495
2728,7172
2729,4097
2730,244
2731,7323
2732,2741
2733,2695
2734,6850
2735,7604
2736,3294
2737,3425
2738,1853
2739,2197
2740,1555
2741,9039
2742,1576
2743,3021
2744,1168
2745,2708
2746,4384
2747,9719
2748,5046
2749,6341
2750,2517
2751,1149
2752,508
2753,6609
2754,7336
2755,1272
2756,206
2757,8975
2758,978
2759,3607
2760,1335
2761,5979
2762,1444
2763,3590
2764,3211
2765,5434
2766,6874
2767,3112
2768,4676
2769,4469
2770,1603
2771,1297
2772,1384
2773,3104
2774,7293
2775,3468
2776,4880
2777,6876
2778,9261
2779,7613
2780,5305
2781,3029
2782,7653
2783,2300
2784,6094
2785,4239
2786,6083
2787,3416
2788,5926
2789,577
2790,7486
2791,4603
2792,8159
2793,457
2794,2436
2795,1237
2796,206
2797,8157
2798,6792
2799,1599
2800,4852
2801,3419
2802,6795
2803,9194
2804,6896
2805,1154
2806,8822
2807,4421
2808,2300
2809,5279
2810,1475
2811,7014
2812,1852
2813,1187
2814,8863
2815,3347
2816,1016
2817,1281
2818,8777
2819,2049
2820,9201
2821,1323
2822,6282
2823,7903
2824,3635
2825,3624
2826,6185
2827,2315
2828,66
2829,497
2830,2429
2831,2602
2832,5182
2833,4541
2834,1120
2835,703
2836,5747
2837,3954
2838,4102
2839,3001
2840,5314
2841,5810
2842,6675
2843,5754
2844,3006
2845,3449
2846,2126
2847,4596
2848,7410
2849,7615
2850,1888
2851,4297
2852,5199
2853,3670
2854,3101
2855,7096
2856,240
2857,2673
2858,5157
2859,7819
2860,2835
2861,511
2862,5323
2863,9649
2864,8829
2865,2501
2866,4906
2867,2192
2868,562
2869,2996
2870,4042
2871,4790
2872,3903
2873,8157
2874,235
2875,3267
2876,6988
2877,2513
2878,3418
2879,74
2880,5829
2881,8525
2882,1424
2883,6946
2884,1130
2885,5601
2886,1910
2887,4273
2888,5002
2889,9443
2890,1924
2891,8951
2892,6437
2893,4523
2894,1888
2895,3337
2896,8053
2897,2431
2898,2940
2899,4956
2900,9784
2901,4090
2902,5256
2903,2488
2904,577
2905,1043
2906,1098
2907,6876
2908,3074
2909,9422
2910,3313
2911,218
2912,5793
2913,1174
2914,5505
2915,4749
2916,2323
2917,7740
2918,5077
2919,2608
2920,3896
2921,8143
2922,3518
2923,1814
2924,8087
2925,899
2926,5011
2927,3442
2928,1450
2929,3832
2930,1356
2931,7823
2932,759
2933,343
2934,615
2935,3593
2936,1956
2937,3531
2938,5116
2939,3731
2940,4086
2941,9363
2942,4337
2943,1899
2944,4289
2945,4830
2946,206
2947,6315
2948,7793
2949,1334
2950,1077
2951,184
2952,6703
2953,5595
2954,3064
2955,5064
2956,2967
2957,4764
2958,4223
2959,3571
2960,7105
2961,7573
2962,294
2963,6703
2964,613
2965,589
2966,7255
2967,9055
2968,3293
2969,919
2970,3775
2971,2331
2972,6987
2973,2854
2974,6094
2975,8142
2976,6699
2977,1240
2978,1343
2979,1234
2980,4859
2981,7804
2982,344
2983,3735
2984,1767
2985,7727
2986,3242
2987,3886
2988,5371
2989,582
2990,7382
2991,6257
2992,1795
2993,1172
2994,7860
2995,3240
2996,4431
2997,3600
2998,2139
2999,1076
3000,5395
3001,7782
3002,7322
3003,3824
3004,3983
3005,8830
3006,6448
3007,6256
3008,8087
3009,5198
3010,4709
3011,2277
3012,950
3013,77
3014,3278
3015,167
3016,65
3017,2091
3018,2661
3019,4323
3020,3174
3021,2556
3022,3825
3023,8335
3024,5509
3025,4627
3026,1309
3027,2396
3028,209
3029,7086
3030,2447
3031,4096
3032,1103
3033,6817
3034,3589
3035,2065
3036,2614
3037,4161
3038,2248
3039,3160
3040,3149
3041,2080
3042,1773
3043,1701
3044,7334
3045,2900
3046,6385
3047,6637
3048,5334
3049,8462
3050,2084
3051,6550
3052,5152
3053,8826
3054,5786
3055,7654
3056,6892
3057,7323
3058,8721
3059,393
3060,4690
3061,2492
3062,5156
3063,2547
3064,6805
3065,7458
3066,383
3067,614
3068,9757
3069,5465
3070,5252
3071,1115
3072,7456
3073,4596
3074,765
3075,4135
3076,3469
3077,751
3078,1261
3079,3789
3080,1323
3081,2294
3082,3283
3083,3089
3084,4367
3085,2950
3086,6044
3087,5822
3088,8438
3089,9862
3090,2137
3091,1228
3092,1243
3093,3750
3094,2359
3095,8194
3096,2002
3097,333
3098,1243
3099,4812
3100,8448
3101,2133
3102,847
3103,1773
3104,3004
3105,618
3106,401
3107,8199
3108,591
3109,3243
3110,9044
3111,7172
3112,8203
3113,1412
3114,8420
3115,6415
3116,5668
3117,8463
3118,1076
3119,366
3120,3081
3121,369
3122,5729
3123,3173
3124,9776
3125,6656
3126,4113
3127,7398
3128,8312
3129,3390
3130,1930
3131,9
3132,3201
3133,7988
3134,4157
3135,8103
3136,2089
3137,363
3138,3576
3139,6948
3140,1108
3141,8239
3142,1166
3143,1545
3144,7026
3145,7391
3146,4571
3147,8764
3148,5881
3149,1927
3150,1759
3151,2540
3152,9097
3153,4353
3154,2633
3155,1050
3156,686
3157,2359
3158,7161
3159,2215
3160,6955
3161,5091
3162,4183
3163,12
3164,3618
3165,6652
3166,4028
3167,5699
3168,7202
3169,6154
3170,1386
3171,6308
3172,2146
3173,1811
3174,42
3175,1572
3176,2585
3177,4596
3178,3137
3179,2156
3180,5557
3181,1404
3182,6956
3183,5145
3184,2371
3185,706
3186,4888
3187,218
3188,4099
3189,7372
3190,7379
3191,919
3192,4333
3193,631
3194,2658
3195,721
3196,469
3197,6204
3198,18
3199,4158
3200,5096
3201,216
3202,8278
3203,355
3204,9160
3205,3340
3206,5241
3207,3161
3208,5475
3209,7363
3210,8790
3211,2016
3212,4976
3213,5094
3214,2130
3215,2081
3216,2632
3217,5504
3218,5479
3219,5689
3220,513
3221,2844
3222,5617
3223,657
3224,1715
3225,5285
3226,1591
3227,1835
3228,6847
3229,7343
3230,2283
3231,511
3232,2005
3233,1206
3234,6085
3235,2797
3236,6238
3237,8473
3238,1080
3239,2596
3240,622
3241,241
3242,571
3243,645
3244,4677
3245,1410
3246,5315
3247,844
3248,5629
3249,9344
3250,3740
3251,4179
3252,3240
3253,5350
3254,7711
3255,5021
3256,152
3257,7198
3258,6362
3259,919
3260,2814
3261,7097
3262,6648
3263,6006
3264,815
3265,3322
3266,9188
3267,6493
3268,6450
3269,30
3270,994
3271,133
3272,401
3273,4751
3274,540
3275,2228
3276,3715
3277,6615
3278,3102
3279,3591
3280,6956
3281,339
3282,8922
3283,3050
3284,8372
3285,3130
3286,772
3287,6084
3288,8556
3289,5009
3290,2341
3291,5422
3292,4190
3293,6406
3294,6612
3295,2402
3296,1709
3297,4400
3298,2725
3299,5886
3300,9416
3301,1643
3302,505
3303,6250
3304,4922
3305,4510
3306,2047
3307,695
3308,4678
3309,8696
3310,7961
3311,4305
3312,7349
3313,7473
3314,1370
3315,7420
3316,2541
3317,6021
3318,8342
3319,367
3320,6334
3321,720
3322,27
3323,2229
3324,4
3325,5741
3326,5379
3327,981
3328,7710
3329,4745
3330,9050
3331,1115
3332,7608
3333,2755
3334,2357
3335,989
3336,9569
3337,4589
3338,7368
3339,6320
3340,9449
3341,854
3342,875
3343,5602
3344,1257
3345,928
3346,3929
3347,428
3348,1246
3349,4656
3350,7415
3351,1726
3352,940
3353,6229
3354,2466
3355,9186
3356,7300
3357,7887
3358,3363
3359,290
3360,17
3361,4603
3362,337
3363,170
3364,7773
3365,1270
3366,565
3367,6130
3368,8669
3369,446
3370,2883
3371,3510
3372,2336
3373,5986
3374,1322
3375,6704
3376,3883
3377,4989
3378,2399
3379,8864
3380,2568
3381,5459
3382,3004
3383,2203
3384,126
3385,8687
3386,2176
3387,2858
3388,1036
3389,3771
3390,508
3391,4351
3392,1292
3393,2891
3394,1201
3395,3302
3396,444
3397,8945
3398,4347
3399,390
3400,348
3401,8307
3402,5105
3403,2820
3404,652
3405,879
3406,5036
3407,3438
3408,2657
3409,3540
3410,2645
3411,8076
3412,984
3413,3215
3414,1376
3415,5920
3416,5567
3417,5528
3418,7063
3419,2630
3420,3404
3421,2978
3422,1031
3423,6553
3424,7235
3425,268
3426,5481
3427,2957
3428,1644
3429,5305
3430,5043
3431,2974
3432,1395
3433,2576
3434,2845
3435,399
3436,8709
3437,7925
3438,6274
3439,161
3440,7771
3441,4828
3442,289
3443,5229
3444,1691
3445,3288
3446,8600
3447,1794
3448,888
3449,1823
3450,885
3451,8180
3452,5476
3453,4201
3454,6756
3455,941
3456,5950
3457,7370
3458,3738
3459,105
3460,6892
3461,3363
3462,8830
3463,2782
3464,2245
3465,3209
3466,8341
3467,2562
3468,839
3469,9193
3470,2970
3471,402
3472,4363
3473,5518
3474,1967
3475,7718
3476,6798
3477,2819
3478,1635
3479,8505
3480,833
3481,5341
3482,4050
3483,7896
3484,7005
3485,4864
3486,1813
3487,2076
3488,490
3489,1205
3490,4437
3491,3578
3492,7865
3493,3771
3494,4079
3495,3070
3496,6471
3497,5049
3498,4222
3499,3472
3500,1665
3501,5920
3502,7486
3503,1734
3504,903
3505,1782
3506,812
3507,4055
3508,4698
3509,3003
3510,1511
3511,2519
3512,4712
3513,8064
3514,1075
3515,1281
3516,3196
3517,954
3518,3611
3519,5998
3520,1017
3521,1249
3522,6525
3523,8620
3524,893
3525,323
3526,2644
3527,2325
3528,5997
3529,2381
3530,7419
3531,669
3532,6118
3533,2545
3534,3877
3535,1592
3536,6941
3537,656
3538,2900
3539,374
3540,4497
3541,8162
3542,5180
3543,771
3544,1809
3545,6450
3546,1222
3547,1049
3548,6702
3549,107
3550,774
3551,6743
3552,852
3553,2553
3554,1937
3555,4518
3556,6535
3557,3484
3558,6908
3559,1183
3560,4139
3561,3016
3562,885
3563,9183
3564,1268
3565,2975
3566,3677
3567,2766
3568,9106
3569,1794
3570,910
3571,9156
3572,2061
3573,6518
3574,993
3575,1711
3576,1858
3577,1792
3578,182
3579,3384
3580,3411
3581,3850
3582,1389
3583,3609
3584,4897
3585,6659
3586,6664
3587,967
3588,4101
3589,2463
3590,3030
3591,2434
3592,7243
3593,6990
3594,6676
3595,8542
3596,8153
3597,2375
3598,4759
3599,2386
3600,3762
3601,381
3602,7775
3603,4104
3604,4536
3605,8282
3606,955
3607,3301
3608,1257
3609,3967
3610,7166
3611,7424
3612,4509
3613,7059
3614,4393
3615,3507
3616,6121
3617,2766
3618,3466
3619,2920
3620,2771
3621,1711
3622,1536
3623,7823
3624,805
3625,5541
3626,7915
3627,1114
3628,3651
3629,3206
3630,93
3631,3513
3632,2266
3633,6847
3634,2668
3635,2746
3636,1105
3637,6161
3638,6471
3639,2161
3640,5939
3641,7947
3642,3322
3643,217
3644,2478
3645,814
3646,8032
3647,4936
3648,530
3649,6464
3650,187
3651,4455
3652,6336
3653,2342
3654,1878
3655,8334
3656,2987
3657,6720
3658,7219
3659,8005
3660,3254
3661,4149
3662,1875
3663,4166
3664,3914
3665,2931
3666,502
3667,8857
3668,9839
3669,455
3670,4121
3671,6878
3672,6497
3673,1288
3674,6627
3675,7277
3676,6558
3677,1723
3678,5272
3679,856
3680,6630
3681,2514
3682,7291
3683,1994
3684,545
3685,1116
3686,2780
3687,5530
3688,6457
3689,4824
3690,8399
3691,4409
3692,6624
3693,2434
3694,2957
3695,3709
3696,675
3697,2682
3698,5092
3699,5543
3700,2486
3701,4105
3702,1213
3703,2524
3704,6644
3705,5120
3706,816
3707,8582
3708,1931
3709,4110
3710,1142
3711,855
3712,5670
3713,1172
3714,5774
3715,9177
3716,7760
3717,8231
3718,1374
3719,4843
3720,1269
3721,9502
3722,9646
3723,9193
3724,8047
3725,2281
3726,1442
3727,2313
3728,4932
3729,6090
3730,8420
3731,5311
3732,3583
3733,6244
3734,3912
3735,5969
3736,5158
3737,6856
3738,9166
3739,8924
3740,1791
3741,8445
3742,5882
3743,640
3744,1601
3745,7882
3746,9685
3747,31
3748,1018
3749,3766
3750,392
3751,2258
3752,2755
3753,2604
3754,4418
3755,2121
3756,3965
3757,1981
3758,8707
3759,3338
3760,5697
3761,7368
3762,7861
3763,3466
3764,566
3765,353
3766,1513
3767,488
3768,5343
3769,6464
3770,9549
3771,6793
3772,1174
3773,1714
3774,7794
3775,1721
3776,7181
3777,277
3778,7185
3779,3700
3780,2407
3781,9333
3782,7591
3783,3511
3784,1451
3785,2916
3786,805
3787,2407
3788,3001
3789,2089
3790,644
3791,4548
3792,3208
3793,4152
3794,254
3795,462
3796,3157
3797,3269
3798,2571
3799,9695
3800,2987
3801,4385
3802,7482
3803,1624
3804,2482
3805,6764
3806,1278
3807,3421
3808,8109
3809,3293
3810,5968
3811,9542
3812,2242
3813,7038
3814,3906
3815,5307
3816,9360
3817,4391
3818,2510
3819,5338
3820,8538
3821,7863
3822,2271
3823,8639
3824,2991
3825,4234
3826,2945
3827,8246
3828,7442
3829,2768
3830,97
3831,8767
3832,3694
3833,180
3834,8472
3835,2719
3836,3196
3837,960
3838,7738
3839,6776
3840,8539
3841,7513
3842,8619
3843,3846
3844,7434
3845,6369
3846,9182
3847,734
3848,8619
3849,6205
3850,810
3851,34
3852,7946
3853,4504
3854,5925
3855,5930
3856,6155
3857,1421
3858,2604
3859,220
3860,7481
3861,5631
3862,3585
3863,5367
3864,5132
3865,4506
3866,3342
3867,6046
3868,6506
3869,6378
3870,1067
3871,4389
3872,7862
3873,5187
3874,2642
3875,4811
3876,6809
3877,3359
3878,7294
3879,6765
3880,1106
3881,8934
3882,2474
3883,913
3884,4237
3885,850
3886,422
3887,557
3888,8283
3889,8464
3890,909
3891,469
3892,1595
3893,5876
3894,5150
3895,5268
3896,3779
3897,6508
3898,3953
3899,1945
3900,5451
3901,7677
3902,3754
3903,5015
3904,6894
3905,5554
3906,396
3907,781
3908,2867
3909,7060
3910,7300
3911,8779
3912,8854
3913,419
3914,3783
3915,8583
3916,1751
3917,1252
3918,2772
3919,531
3920,227
3921,3885
3922,4470
3923,7453
3924,2947
3925,8924
3926,1560
3927,4074
3928,6566
3929,4170
3930,4268
3931,4487
3932,3031
3933,4009
3934,8516
3935,7178
3936,8170
3937,5137
3938,3812
3939,8402
3940,9614
3941,3793
3942,4093
3943,7137
3944,2957
3945,8165
3946,445
3947,512
3948,49
3949,2710
3950,2800
3951,7954
3952,6416
3953,4551
3954,1150
3955,5155
3956,1715
3957,316
3958,8547
3959,8511
3960,9624
3961,9307
3962,3994
3963,57
3964,2387
3965,1271
3966,5662
3967,4220
3968,64
3969,2475
3970,1144
3971,5717
3972,2124
3973,5003
3974,1832
3975,7281
3976,4483
3977,1886
3978,6374
3979,7028
3980,8731
3981,865
3982,2500
3983,4862
3984,4983
3985,3895
3986,6818
3987,4325
3988,3383
3989,7118
3990,7999
3991,5153
3992,8489
3993,2731
3994,4049
3995,4473
3996,5899
3997,5654
3998,1722
3999,3784
4000,4757
4001,3379
4002,6696
4003,8544
4004,70
4005,3083
4006,8162
4007,7034
4008,5495
4009,1746
4010,2705
4011,8706
4012,4518
4013,140
4014,5253
4015,5252
4016,6887
4017,7153
4018,6828
4019,1719
4020,917
4021,2256
4022,6196
4023,2368
4024,276
4025,8121
4026,4578
4027,4222
4028,3447
4029,3468
4030,5175
4031,4447
4032,4125
4033,1721
4034,362
4035,1122
4036,3960
4037,5965
4038,3468
4039,6721
4040,7304
4041,8053
4042,250
4043,1846
4044,2894
4045,889
4046,7925
4047,549
4048,3126
4049,1636
4050,1482
4051,6387
4052,7207
4053,6300
4054,5943
4055,638
4056,28
4057,7840
4058,1308
4059,4956
4060,5871
4061,7600
4062,4592
4063,6070
4064,6514
4065,9110
4066,3430
4067,3573
4068,2918
4069,3626
4070,6360
4071,761
4072,1695
4073,1422
4074,162
4075,4893
4076,1999
4077,8465
4078,8870
4079,6367
4080,5120
4081,7831
4082,2204
4083,1954
4084,4095
4085,764
4086,7202
4087,4581
4088,2672
4089,3150
4090,4492
4091,2520
4092,7310
4093,1309
4094,9613
4095,6317
4096,7739
4097,865
4098,2745
4099,2299
4100,2613
4101,1888
4102,4993
4103,578
4104,1668
4105,3378
4106,7340
4107,366
4108,4787
4109,3573
4110,3206
4111,1639
4112,2255
4113,5422
4114,507
4115,5507
4116,9031
4117,2788
4118,3357
4119,8936
4120,3041
4121,4537
4122,6375
4123,5810
4124,6823
4125,9204
4126,4448
4127,8890
4128,1057
4129,4457
4130,708
4131,6690
4132,3072
4133,6875
4134,2572
4135,4947
4136,1179
4137,2995
4138,6260
4139,4796
4140,4748
4141,1968
4142,5898
4143,5852
4144,3952
4145,8725
4146,8594
4147,7823
4148,4562
4149,5094
4150,1210
4151,3954
4152,4054
4153,9161
4154,8587
4155,2522
4156,7777
4157,8269
4158,5730
4159,2053
4160,2193
4161,6422
4162,4852
4163,7993
4164,1652
4165,1197
4166,1947
4167,1860
4168,2170
4169,785
4170,6776
4171,1491
4172,8588
4173,1606
4174,4920
4175,8603
4176,8259
4177,8978
4178,7608
4179,8452
4180,4643
4181,4438
4182,1611
4183,6895
4184,876
4185,6320
4186,8474
4187,5953
4188,2725
4189,3273
4190,5794
4191,1339
4192,4321
4193,4263
4194,6855
4195,453
4196,1568
4197,8520
4198,7559
4199,6155
4200,8975
4201,7736
4202,2738
4203,5596
4204,9380
4205,7275
4206,6703
4207,2774
4208,3600
4209,1580
4210,451
4211,6504
4212,6415
4213,4752
4214,4233
4215,4227
4216,1029
4217,719
4218,2213
4219,8403
4220,459
4221,2630
4222,6053
4223,3644
4224,2217
4225,8278
4226,3333
4227,8386
4228,2784
4229,1765
4230,8164
4231,2345
4232,3197
4233,3843
4234,6046
4235,4005
4236,9638
4237,9671
4238,9367
4239,382
4240,4879
4241,9031
4242,627
4243,3569
4244,5615
4245,2079
4246,2585
4247,151
4248,2740
4249,5262
4250,4804
4251,2020
4252,4772
4253,4293
4254,6369
4255,4902
4256,7383
4257,5395
4258,6190
4259,2493
4260,4145
4261,3322
4262,4728
4263,3152
4264,2806
4265,1008
4266,1003
4267,4727
4268,753
4269,4974
4270,8273
4271,92
4272,6387
4273,8159
4274,475
4275,2154
4276,402
4277,3049
4278,1905
4279,5300
4280,440
4281,8731
4282,7436
4283,9612
4284,4378
4285,831
4286,3829
4287,3059
4288,1102
4289,7327
4290,8367
4291,2176
4292,3544
4293,3283
4294,5605
4295,3476
4296,2498
4297,1812
4298,4777
4299,5973
4300,6257
4301,6247
4302,3349
4303,1176
4304,6019
4305,3111
4306,6358
4307,1992
4308,4717
4309,951
4310,1616
4311,864
4312,2655
4313,5910
4314,9662
4315,520
4316,4674
4317,4110
4318,1830
4319,1469
4320,8085
4321,2019
4322,9542
4323,1242
4324,6706
4325,4231
4326,3443
4327,7775
4328,5104
4329,6479
4330,1043
4331,8845
4332,5178
4333,5693
4334,8248
4335,4449
4336,3928
4337,4147
4338,8639
4339,7842
4340,2848
4341,5910
4342,5604
4343,3617
4344,1491
4345,2102
4346,3196
4347,1522
4348,5733
4349,3404
4350,6821
4351,9283
4352,4306
4353,7632
4354,3507
4355,852
4356,4792
4357,3043
4358,7698
4359,3677
4360,5228
4361,3901
4362,8342
4363,4048
4364,5897
4365,6232
4366,7960
4367,4840
4368,1963
4369,4918
4370,4177
4371,4525
4372,2359
4373,7067
4374,1389
4375,2985
4376,5342
4377,6147
4378,5975
4379,5063
4380,4973
4381,695
4382,3411
4383,8525
4384,78
4385,2226
4386,6362
4387,67
4388,3569
4389,3629
4390,2125
4391,2559
4392,8191
4393,1598
4394,109
4395,191
4396,7019
4397,8675
4398,5554
4399,320
4400,3189
4401,4925
4402,7353
4403,2064
4404,1817
4405,5336
4406,3032
4407,1228
4408,1709
4409,7115
4410,1702
4411,3722
4412,4882
4413,2045
4414,6792
4415,641
4416,8227
4417,3902
4418,4183
4419,5883
4420,6
4421,3238
4422,6400
4423,672
4424,1897
4425,1337
4426,1152
4427,2700
4428,923
4429,332
4430,8701
4431,980
4432,3470
4433,5745
4434,1237
4435,492
4436,1282
4437,1725
4438,5290
4439,2106
4440,2909
4441,2853
4442,5637
4443,6415
4444,171
4445,6747
4446,552
4447,4765
4448,4306
4449,600
4450,6689
4451,977
4452,1961
4453,6550
4454,1848
4455,4100
4456,7887
4457,1155
4458,3839
4459,3693
4460,6399
4461,3314
4462,3358
4463,3394
4464,1148
4465,7606
4466,2163
4467,2804
4468,784
4469,8873
4470,902
4471,2101
4472,2706
4473,1372
4474,2739
4475,2148
4476,6765
4477,9625
4478,5837
4479,4509
4480,4393
4481,1307
4482,1929
4483,7254
4484,4373
4485,2314
4486,88
4487,4534
4488,437
4489,4082
4490,6013
4491,4223
4492,8604
4493,3906
4494,1700
4495,9184
4496,9734
4497,186
4498,397
4499,7099
4500,5056
4501,8785
4502,7887
4503,1328
4504,3057
4505,7682
4506,9001
4507,9544
4508,5113
4509,4265
4510,3307
4511,1452
4512,2155
4513,8924
4514,1196
4515,5719
4516,7998
4517,5717
4518,1802
4519,2811
4520,1821
4521,1040
4522,1621
4523,3025
4524,2060
4525,6206
4526,8736
4527,2120
4528,998
4529,2788
4530,5060
4531,5975
4532,1504
4533,397
4534,1501
4535,1587
4536,6459
4537,3616
4538,7592
4539,6443
4540,3871
4541,8248
4542,1539
4543,5810
4544,6406
4545,8188
4546,8159
4547,261
4548,5596
4549,2140
4550,9224
4551,583
4552,2612
4553,7302
4554,194
4555,8751
4556,7172
4557,7400
4558,4538
4559,1436
4560,2393
4561,2315
4562,6400
4563,8438
4564,1194
4565,406
4566,6831
4567,9616
4568,5181
4569,5906
4570,4222
4571,7086
4572,5516
4573,8551
4574,5368
4575,4958
4576,4671
4577,9830
4578,6228
4579,3478
4580,7153
4581,5327
4582,316
4583,4552
4584,985
4585,9482
4586,1487
4587,6188
4588,5400
4589,1706
4590,4569
4591,792
4592,7949
4593,3028
4594,7547
4595,9440
4596,8761
4597,5347
4598,5077
4599,7086
4600,196
4601,4441
4602,6041
4603,209
4604,1951
4605,2991
4606,6587
4607,7034
4608,2605
4609,7832
4610,4790
4611,2110
4612,5879
4613,1623
4614,2143
4615,2096
4616,4098
4617,7335
4618,8539
4619,927
4620,4665
4621,3641
4622,5593
4623,552
4624,1894
4625,974
4626,2076
4627,3284
4628,5596
4629,4745
4630,2836
4631,3618
4632,873
4633,849
4634,5681
4635,4566
4636,7988
4637,6519
4638,5561
4639,6938
4640,7734
4641,3424
4642,6922
4643,1997
4644,8779
4645,3355
4646,4806
4647,2684
4648,447
4649,4444
4650,4012
4651,7863
4652,306
4653,5804
4654,200
4655,6292
4656,4122
4657,6490
4658,3775
4659,5068
4660,13
4661,7904
4662,2597
4663,705
4664,4620
4665,4870
4666,758
4667,372
4668,9059
4669,1825
4670,5874
4671,1263
4672,4197
4673,3368
4674,3346
4675,1588
4676,8952
4677,1055
4678,3203
4679,9485
4680,6901
4681,3811
4682,2355
4683,4464
4684,1091
4685,4877
4686,7160
4687,1648
4688,3859
4689,1896
4690,2842
4691,1013
4692,4041
4693,6514
4694,6212
4695,1579
4696,3792
4697,4635
4698,1304
4699,3440
4700,9574
4701,1416
4702,1740
4703,7621
4704,8100
4705,4007
4706,606
4707,3434
4708,2578
4709,9774
4710,7396
4711,3273
4712,4771
4713,1900
4714,5712
4715,2404
4716,1053
4717,6283
4718,753
4719,802
4720,2614
4721,1556
4722,949
4723,6443
4724,3098
4725,2617
4726,5758
4727,1694
4728,10
4729,459
4730,8982
4731,8733
4732,3746
4733,1589
4734,289
4735,7071
4736,8410
4737,8439
4738,183
4739,6145
4740,7430
4741,8826
4742,1289
4743,5262
4744,8579
4745,2006
4746,3915
4747,2683
4748,2643
4749,2972
4750,6318
4751,954
4752,665
4753,1331
4754,2417
4755,4078
4756,5992
4757,1807
4758,1853
4759,6734
4760,6675
4761,4760
4762,6037
4763,5745
4764,3876
4765,4404
4766,5343
4767,796
4768,3875
4769,8038
4770,6901
4771,7351
4772,8395
4773,4387
4774,6307
4775,3179
4776,1867
4777,5904
4778,4502
4779,1423
4780,4216
4781,1955
4782,4512
4783,4939
4784,4252
4785,5076
4786,8375
4787,7765
4788,5108
4789,1866
4790,5287
4791,1780
4792,7333
4793,441
4794,8873
4795,8473
4796,5896
4797,4500
4798,4142
4799,3559
4800,7507
4801,7804
4802,3360
4803,2238
4804,4507
4805,4753
4806,6016
4807,2497
4808,4060
4809,9047
4810,1104
4811,4416
4812,4586
4813,4398
4814,526
4815,7014
4816,7628
4817,2253
4818,3702
4819,5368
4820,3113
4821,8829
4822,6511
4823,2989
4824,7600
4825,5396
4826,2997
4827,171
4828,6485
4829,3158
4830,95
4831,6612
4832,8177
4833,399
4834,912
4835,5989
4836,5084
4837,3118
4838,2928
4839,1318
4840,1162
4841,3604
4842,4364
4843,8227
4844,2507
4845,2619
4846,7839
4847,7293
4848,1157
4849,1320
4850,6333
4851,7810
4852,3169
4853,5005
4854,1001
4855,7561
4856,5856
4857,6403
4858,594
4859,2170
4860,7258
4861,7772
4862,3588
4863,8620
4864,7595
4865,1927
4866,6213
4867,2075
4868,3481
4869,7931
4870,1064
4871,3188
4872,2949
4873,9602
4874,3672
4875,4800
4876,6556
4877,3127
4878,5886
4879,3948
4880,1428
4881,8754
4882,5629
4883,533
4884,6786
4885,6309
4886,3824
4887,4368
4888,7668
4889,3968
4890,6157
4891,1067
4892,4340
4893,322
4894,3336
4895,6137
4896,7024
4897,5633
4898,1100
4899,9033
4900,4705
4901,214
4902,4730
4903,472
4904,8734
4905,4257
4906,6550
4907,1341
4908,4433
4909,334
4910,6166
4911,8857
4912,3785
4913,2874
4914,6855
4915,2347
4916,7908
4917,2267
4918,6351
4919,409
4920,8100
4921,5003
4922,1605
4923,7240
4924,7185
4925,142
4926,2599
4927,3752
4928,5811
4929,5733
4930,5802
4931,5068
4932,4417
4933,7249
4934,950
4935,5388
4936,8982
4937,8403
4938,3013
4939,128
4940,4778
4941,4883
4942,5989
4943,4126
4944,4578
4945,131
4946,3600
4947,2093
4948,704
4949,5220
4950,5865
4951,9884
4952,833
4953,3031
4954,1252
4955,2075
4956,355
4957,2607
4958,3709
4959,4731
4960,5081
4961,9255
4962,3754
4963,2257
4964,2387
4965,1204
4966,1468
4967,7320
4968,9051
4969,5938
4970,6918
4971,5344
4972,359
4973,3207
4974,9742
4975,8188
4976,7954
4977,7823
4978,2166
4979,9427
4980,4908
4981,7638
4982,8310
4983,2309
4984,2016
4985,1814
4986,2884
4987,2632
4988,1257
4989,1114
4990,6191
4991,482
4992,2969
4993,6356
4994,2002
4995,3749
4996,6319
4997,6271
4998,1379
4999,8179
5000,3758
5001,3484
5002,3855
5003,1578
5004,6028
5005,1363
5006,2204
5007,3511
5008,1036
5009,9396
5010,1983
5011,3567
5012,5510
5013,4569
5014,3458
5015,1528
5016,1578
5017,5017
5018,2857
5019,370
5020,2054
5021,7067
5022,8345
5023,385
5024,7637
5025,6776
5026,536
5027,3799
5028,3853
5029,2844
5030,4690
5031,782
5032,5318
5033,412
5034,1226
5035,5171
5036,6185
5037,1861
5038,1726
5039,1066
5040,6765
5041,3071
5042,1405
5043,432
5044,3465
5045,8059
5046,6898
5047,7373
5048,6807
5049,727
5050,4295
5051,2411
5052,644
5053,744
5054,1518
5055,4292
5056,3139
5057,6235
5058,4741
5059,3728
5060,4023
5061,6079
5062,6133
5063,7714
5064,4089
5065,3137
5066,205
5067,8198
5068,2237
5069,4400
5070,3231
5071,6148
5072,5005
5073,745
5074,1758
5075,1379
5076,2643
5077,3614
5078,4417
5079,1879
5080,5685
5081,471
5082,5384
5083,7113
5084,1594
5085,1901
5086,5666
5087,7838
5088,2807
5089,6099
5090,2732
5091,5748
5092,8284
5093,6189
5094,1046
5095,7732
5096,3382
5097,1874
5098,5089
5099,5441
5100,3117
5101,9591
5102,5003
5103,467
5104,3671
5105,239
5106,3669
5107,6624
5108,801
5109,6479
5110,8087
5111,5093
5112,4113
5113,5772
5114,4693
5115,2515
5116,3543
5117,8428
5118,2067
5119,3164
5120,3564
5121,1009
5122,6307
5123,2051
5124,3520
5125,5592
5126,3697
5127,9160
5128,7376
5129,3089
5130,524
5131,7141
5132,3902
5133,826
5134,9602
5135,8807
5136,1143
5137,7716
5138,3161
5139,5265
5140,4452
5141,6717
5142,8555
5143,8484
5144,7745
5145,1318
5146,7770
5147,1648
5148,4984
5149,1482
5150,7758
5151,6213
5152,3956
5153,3273
5154,9427
5155,1680
5156,3026
5157,9881
5158,7176
5159,8945
5160,8919
5161,6895
5162,4069
5163,1144
5164,8936
5165,5996
5166,2224
5167,1876
5168,751
5169,6985
5170,2415
5171,4048
5172,5894
5173,4569
5174,28
5175,1782
5176,7986
5177,8430
5178,7455
5179,450
5180,320
5181,4563
5182,5507
5183,3130
5184,3294
5185,190
5186,9039
5187,584
5188,1186
5189,1608
5190,9867
5191,8101
5192,904
5193,1082
5194,1405
5195,1687
5196,106
5197,5591
5198,1232
5199,3255
5200,6821
5201,4107
5202,2949
5203,1300
5204,5461
5205,83
5206,8947
5207,1947
5208,8949
5209,185
5210,6906
5211,4148
5212,7130
5213,2091
5214,2431
5215,2363
5216,8952
5217,1669
5218,2166
5219,4929
5220,1501
5221,3906
5222,9488
5223,6257
5224,8171
5225,1881
5226,6210
5227,5326
5228,572
5229,7868
5230,1298
5231,2980
5232,1498
5233,7365
5234,1375
5235,7633
5236,3393
5237,2237
5238,4645
5239,573
5240,6126
5241,4729
5242,5621
5243,405
5244,2783
5245,4636
5246,5984
5247,8455
5248,3403
5249,4213
5250,8493
5251,9078
5252,6163
5253,1693
5254,174
5255,2177
5256,3775
5257,5508
5258,3039
5259,8649
5260,9536
5261,4391
5262,3981
5263,4338
5264,6196
5265,8474
5266,7990
5267,991
5268,5668
5269,1965
5270,7831
5271,732
5272,4377
5273,5117
5274,6947
5275,5509
5276,2568
5277,2464
5278,6392
5279,1450
5280,9499
5281,7673
5282,8278
5283,765
5284,493
5285,7256
5286,1155
5287,132
5288,2690
5289,523
5290,9010
5291,759
5292,1960
5293,4747
5294,117
5295,4727
5296,3690
5297,5049
5298,7566
5299,5075
5300,636
5301,2858
5302,4869
5303,2576
5304,2613
5305,5832
5306,7836
5307,6528
5308,1718
5309,1511
5310,6317
5311,3128
5312,6327
5313,8987
5314,3598
5315,5572
5316,9605
5317,4630
5318,8288
5319,3684
5320,4517
5321,407
5322,6151
5323,6197
5324,4966
5325,5818
5326,8344
5327,4006
5328,6004
5329,6543
5330,9609
5331,7934
5332,2683
5333,1608
5334,2929
5335,3857
5336,258
5337,2679
5338,6941
5339,1484
5340,8319
5341,5680
5342,3052
5343,3395
5344,8480
5345,5672
5346,2506
5347,4598
5348,3829
5349,6679
5350,5315
5351,3121
5352,128
5353,566
5354,2087
5355,1059
5356,8826
5357,9010
5358,5508
5359,4692
5360,1054
5361,2470
5362,1406
5363,4788
5364,7969
5365,7437
5366,4805
5367,2148
5368,8582
5369,8709
5370,6946
5371,1329
5372,2184
5373,5256
5374,7313
5375,4624
5376,5907
5377,8855
5378,1305
5379,7225
5380,4445
5381,6510
5382,8079
5383,8288
5384,599
5385,2427
5386,1980
5387,661
5388,2641
5389,5495
5390,7992
5391,4910
5392,9504
5393,6628
5394,6209
5395,8082
5396,4974
5397,7543
5398,7056
5399,5218
5400,5432
5401,7806
5402,1359
5403,7654
5404,8294
5405,5881
5406,7885
5407,4483
5408,6154
5409,2589
5410,1112
5411,7677
5412,5900
5413,2734
5414,1023
5415,5610
5416,3271
5417,9033
5418,3022
5419,1885
5420,2401
5421,6058
5422,5524
5423,4679
5424,5663
5425,2603
5426,6493
5427,5511
5428,9043
5429,2153
5430,985
5431,1733
5432,5731
5433,1315
5434,4400
5435,9159
5436,9371
5437,3740
5438,8669
5439,4794
5440,966
5441,1812
5442,2442
5443,3674
5444,661
5445,5651
5446,7832
5447,4455
5448,6378
5449,58
5450,5035
5451,4343
5452,764
5453,899
5454,4429
5455,4672
5456,2633
5457,2568
5458,1632
5459,5736
5460,2685
5461,870
5462,7887
5463,3663
5464,7178
5465,8845
5466,2229
5467,2364
5468,8359
5469,2700
5470,8677
5471,4562
5472,784
5473,867
5474,4884
5475,1466
5476,121
5477,5400
5478,8505
5479,7625
5480,7535
5481,803
5482,5683
5483,136
5484,291
5485,4175
5486,1361
5487,1819
5488,2366
5489,1425
5490,7369
5491,4875
5492,3949
5493,6162
5494,3520
5495,411
5496,3326
5497,3778
5498,6731
5499,5417
5500,5909
5501,8666
5502,8762
5503,4591
5504,4556
5505,7147
5506,4259
5507,3494
5508,2860
5509,7943
5510,9077
5511,1342
5512,6115
5513,912
5514,4065
5515,8521
5516,6774
5517,3809
5518,6504
5519,3235
5520,6039
5521,463
5522,9161
5523,1877
5524,7628
5525,4526
5526,7755
5527,3773
5528,6110
5529,2421
5530,5423
5531,6781
5532,4356
5533,7106
5534,6244
5535,6735
5536,1427
5537,6698
5538,8725
5539,7689
5540,9450
5541,6961
5542,4538
5543,3542
5544,4838
5545,6020
5546,3182
5547,6292
5548,1699
5549,31
5550,1733
5551,5095
5552,5365
5553,4095
5554,2415
5555,9721
5556,2274
5557,3852
5558,7269
5559,8626
5560,1291
5561,7043
5562,7951
5563,1585
5564,3954
5565,8538
5566,3999
5567,1735
5568,7893
5569,1021
5570,5545
5571,5410
5572,1659
5573,4331
5574,9910
5575,86
5576,3178
5577,7649
5578,7562
5579,5220
5580,8500
5581,5801
5582,3178
5583,4291
5584,5213
5585,1380
5586,8988
5587,6955
5588,4999
5589,5290
5590,2173
5591,6596
5592,2145
5593,9047
5594,6691
5595,8604
5596,5544
5597,4237
5598,5009
5599,7127
5600,2073
5601,543
5602,8397
5603,1329
5604,8924
5605,2148
5606,3375
5607,2450
5608,6812
5609,8183
5610,6374
5611,83
5612,4554
5613,7684
5614,8532
5615,3928
5616,7217
5617,791
5618,9570
5619,979
5620,356
5621,9324
5622,5477
5623,947
5624,577
5625,6154
5626,5834
5627,1234
5628,4788
5629,6774
5630,1048
5631,9695
5632,4466
5633,6167
5634,4672
5635,3743
5636,1969
5637,1200
5638,6511
5639,8853
5640,1002
5641,3922
5642,6557
5643,7532
5644,2598
5645,3642
5646,5467
5647,6855
5648,3708
5649,9078
5650,7097
5651,8919
5652,4162
5653,6826
5654,6047
5655,3888
5656,9119
5657,2223
5658,6448
5659,3369
5660,861
5661,2157
5662,2374
5663,8570
5664,4667
5665,9123
5666,976
5667,6235
5668,4423
5669,8344
5670,3124
5671,849
5672,2035
5673,3536
5674,4455
5675,6440
5676,7244
5677,5288
5678,5232
5679,3889
5680,6782
5681,6985
5682,2630
5683,1949
5684,2614
5685,137
5686,194
5687,2450
5688,8024
5689,1263
5690,7645
5691,8517
5692,1664
5693,6413
5694,7324
5695,1195
5696,1627
5697,2969
5698,3896
5699,7183
5700,2070
5701,9259
5702,8666
5703,8085
5704,2512
5705,7705
5706,1580
5707,2880
5708,3748
5709,101
5710,6669
5711,3058
5712,1365
5713,2185
5714,5983
5715,7990
5716,3113
5717,3533
5718,2672
5719,3921
5720,8611
5721,3319
5722,3159
5723,5440
5724,2734
5725,2652
5726,3471
5727,7479
5728,871
5729,8133
5730,9044
5731,9683
5732,5810
5733,6157
5734,4839
5735,6078
5736,5329
5737,4702
5738,162
5739,389
5740,3620
5741,5959
5742,1693
5743,4267
5744,145
5745,5899
5746,7544
5747,421
5748,8673
5749,4408
5750,1002
5751,433
5752,1602
5753,2601
5754,708
5755,1872
5756,6768
5757,8847
5758,2674
5759,8121
5760,4266
5761,7150
5762,983
5763,9143
5764,3915
5765,1618
5766,8290
5767,376
5768,3113
5769,9076
5770,5916
5771,4571
5772,948
5773,8504
5774,5058
5775,4675
5776,1241
5777,943
5778,888
5779,5896
5780,5501
5781,6667
5782,3337
5783,6645
5784,8308
5785,2364
5786,1224
5787,7057
5788,9053
5789,1685
5790,8222
5791,1993
5792,2136
5793,1377
5794,3314
5795,7417
5796,1498
5797,5130
5798,90
5799,4024
5800,7653
5801,2052
5802,1881
5803,1332
5804,1008
5805,7481
5806,4963
5807,1281
5808,2527
5809,1906
5810,8577
5811,1096
5812,103
5813,911
5814,4428
5815,9841
5816,2262
5817,2785
5818,9084
5819,117
5820,6893
5821,1524
5822,4686
5823,308
5824,9612
5825,2667
5826,4664
5827,3433
5828,4116
5829,5232
5830,4584
5831,7834
5832,4260
5833,881
5834,6299
5835,3355
5836,8889
5837,8697
5838,5901
5839,7303
5840,2822
5841,8402
5842,352
5843,5393
5844,2209
5845,3775
5846,8721
5847,5041
5848,1362
5849,7523
5850,1975
5851,2179
5852,679
5853,6603
5854,5203
5855,1779
5856,407
5857,6327
5858,7401
5859,5938
5860,4746
5861,7293
5862,3706
5863,9055
5864,8432
5865,3075
5866,8117
5867,6390
5868,1846
5869,1837
5870,4185
5871,9357
5872,4150
5873,3235
5874,6752
5875,3485
5876,6802
5877,5932
5878,9801
5879,4756
5880,4348
5881,7206
5882,9612
5883,997
5884,9232
5885,6519
5886,7613
5887,6105
5888,3445
5889,4473
5890,1541
5891,1156
5892,2622
5893,6994
5894,922
5895,1916
5896,3152
5897,4070
5898,6853
5899,5649
5900,567
5901,7392
5902,7146
5903,1987
5904,3568
5905,2917
5906,4216
5907,9820
5908,2937
5909,1631
5910,6089
5911,7378
5912,4793
5913,4151
5914,1976
5915,5752
5916,4170
5917,5034
5918,2412
5919,690
5920,6808
5921,6575
5922,2751
5923,1590
5924,2198
5925,2957
5926,8530
5927,881
5928,6850
5929,4366
5930,3892
5931,6831
5932,5883
5933,1044
5934,4525
5935,4004
5936,4553
5937,1325
5938,6071
5939,1375
5940,2795
5941,2522
5942,7812
5943,7408
5944,4807
5945,8489
5946,9194
5947,8210
5948,3771
5949,5767
5950,1545
5951,369
5952,2695
5953,5770
5954,8899
5955,1193
5956,3420
5957,623
5958,2426
5959,2123
5960,7235
5961,3427
5962,2726
5963,5599
5964,2898
5965,3437
5966,6066
5967,8572
5968,2860
5969,2100
5970,9348
5971,1976
5972,4895
5973,1957
5974,8597
5975,6912
5976,2370
5977,1889
5978,6906
5979,8511
5980,6778
5981,1098
5982,6628
5983,3042
5984,1928
5985,6854
5986,7659
5987,1704
5988,5999
5989,1771
5990,303
5991,3811
5992,6921
5993,6046
5994,4608
5995,4810
5996,3000
5997,8280
5998,2529
5999,8335
6000,7596
6001,8443
6002,6357
6003,5741
6004,3786
6005,359
6006,4756
6007,2263
6008,8040
6009,7948
6010,6421
6011,5754
6012,4140
6013,1441
6014,8599
6015,106
6016,5162
6017,1388
6018,5682
6019,3119
6020,8059
6021,3407
6022,8720
6023,5845
6024,2971
6025,1188
6026,5824
6027,5784
6028,5253
6029,2459
6030,4304
6031,304
6032,886
6033,9297
6034,490
6035,1576
6036,6548
6037,4782
6038,522
6039,5693
6040,6814
6041,4468
6042,6625
6043,6136
6044,8161
6045,599
6046,7588
6047,295
6048,2230
6049,6005
6050,4555
6051,7967
6052,8956
6053,64
6054,5042
6055,6139
6056,2132
6057,7712
6058,6005
6059,5210
6060,5912
6061,5980
6062,8678
6063,8562
6064,4748
6065,3929
6066,5015
6067,8696
6068,3141
6069,8832
6070,3157
6071,4195
6072,9167
6073,1724
6074,4739
6075,4213
6076,582
6077,863
6078,1525
6079,9241
6080,2467
6081,3507
6082,7745
6083,6885
6084,6585
6085,3230
6086,9093
6087,2836
6088,39
6089,3688
6090,1256
6091,3161
6092,2012
6093,5907
6094,7787
6095,574
6096,5849
6097,2157
6098,3530
6099,4575
6100,1479
6101,502
6102,3742
6103,1359
6104,1012
6105,6534
6106,5154
6107,4364
6108,3653
6109,7682
6110,2956
6111,33
6112,5498
6113,400
6114,5620
6115,4893
6116,4725
6117,1441
6118,4863
6119,4472
6120,5241
6121,9091
6122,3190
6123,9255
6124,4026
6125,4717
6126,3454
6127,4991
6128,1499
6129,7520
6130,2416
6131,5274
6132,3948
6133,2937
6134,973
6135,7350
6136,6959
6137,2134
6138,556
6139,7625
6140,5926
6141,1110
6142,5642
6143,1973
6144,2033
6145,7038
6146,6290
6147,567
6148,4021
6149,3809
6150,7364
6151,1753
6152,5618
6153,7832
6154,8106
6155,4043
6156,4667
6157,1221
6158,7307
6159,2385
6160,5358
6161,5869
6162,4058
6163,2767
6164,6238
6165,3972
6166,691
6167,2229
6168,6281
6169,8477
6170,1378
6171,4731
6172,8482
6173,9744
6174,7036
6175,9625
6176,2592
6177,8077
6178,5578
6179,1650
6180,5249
6181,9276
6182,7336
6183,3731
6184,7818
6185,8772
6186,1587
6187,4875
6188,1600
6189,8662
6190,798
6191,4
6192,1882
6193,3665
6194,131
6195,6726
6196,3056
6197,8468
6198,4435
6199,3639
6200,7417
6201,7615
6202,3350
6203,2968
6204,4760
6205,6347
6206,4800
6207,2015
6208,9192
6209,5622
6210,7414
6211,2853
6212,89
6213,4615
6214,1789
6215,6695
6216,8509
6217,7006
6218,7721
6219,1088
6220,3848
6221,2573
6222,2011
6223,8873
6224,1178
6225,7339
6226,3181
6227,7451
6228,864
6229,2578
6230,6468
6231,6111
6232,2629
6233,7755
6234,3662
6235,894
6236,6723
6237,1633
6238,7594
6239,5457
6240,1065
6241,4
6242,1173
6243,7137
6244,1062
6245,1665
6246,2976
6247,538
6248,9487
6249,2597
6250,9201
6251,1258
6252,2000
6253,1433
6254,1389
6255,8929
6256,6132
6257,9319
6258,316
6259,5888
6260,6250
6261,6417
6262,596
6263,574
6264,6004
6265,2791
6266,8790
6267,5124
6268,2140
6269,2245
6270,113
6271,6859
6272,3500
6273,1078
6274,1905
6275,7144
6276,2078
6277,3440
6278,7016
6279,7702
6280,2289
6281,3592
6282,149
6283,2172
6284,840
6285,1847
6286,5362
6287,4604
6288,5153
6289,4992
6290,5012
6291,4055
6292,6420
6293,1143
6294,1205
6295,9193
6296,1258
6297,375
6298,6257
6299,656
6300,1883
6301,2721
6302,1491
6303,2211
6304,1761
6305,3095
6306,5687
6307,4250
6308,308
6309,7551
6310,7340
6311,6541
6312,8636
6313,1275
6314,2145
6315,2682
6316,2636
6317,7798
6318,2623
6319,9059
6320,8213
6321,4260
6322,4431
6323,3974
6324,6476
6325,8095
6326,8028
6327,5846
6328,4772
6329,7734
6330,225
6331,5577
6332,5784
6333,4067
6334,2849
6335,8645
6336,4004
6337,4859
6338,7806
6339,2605
6340,5636
6341,2237
6342,5967
6343,2012
6344,2850
6345,6128
6346,596
6347,7653
6348,8181
6349,8055
6350,9319
6351,9202
6352,3176
6353,2153
6354,1763
6355,1198
6356,5491
6357,120
6358,7574
6359,1953
6360,5430
6361,3594
6362,2315
6363,1360
6364,8224
6365,1599
6366,5194
6367,8628
6368,1067
6369,5663
6370,3175
6371,6922
6372,791
6373,6816
6374,5459
6375,508
6376,1347
6377,8444
6378,1778
6379,7614
6380,4504
6381,700
6382,314
6383,3446
6384,3934
6385,6862
6386,3694
6387,2186
6388,175
6389,8247
6390,5126
6391,3499
6392,7932
6393,7059
6394,5592
6395,5563
6396,5945
6397,1173
6398,7331
6399,6682
6400,1590
6401,4404
6402,7471
6403,4527
6404,3473
6405,3296
6406,929
6407,2952
6408,207
6409,6599
6410,73
6411,6386
6412,6185
6413,5264
6414,5497
6415,6453
6416,8210
6417,9270
6418,2138
6419,2047
6420,487
6421,7641
6422,3319
6423,7392
6424,2432
6425,6128
6426,6987
6427,6454
6428,3948
6429,9124
6430,9244
6431,8888
6432,9544
6433,4728
6434,3869
6435,7458
6436,1854
6437,2189
6438,4777
6439,959
6440,5015
6441,2939
6442,7376
6443,6279
6444,1665
6445,4142
6446,8919
6447,1544
6448,2918
6449,1430
6450,5455
6451,1823
6452,2283
6453,3980
6454,6711
6455,3356
6456,4829
6457,9122
6458,324
6459,961
6460,8265
6461,1529
6462,4679
6463,1573
6464,4808
6465,3481
6466,2097
6467,8865
6468,6928
6469,7273
6470,5031
6471,4324
6472,8699
6473,4645
6474,5058
6475,3527
6476,733
6477,8337
6478,3094
6479,4551
6480,5705
6481,1267
6482,7149
6483,8541
6484,7944
6485,7731
6486,8582
6487,901
6488,3191
6489,5062
6490,4242
6491,8312
6492,4463
6493,5266
6494,4591
6495,7199
6496,2297
6497,4837
6498,4184
6499,4292
6500,5834
6501,159
6502,3361
6503,6461
6504,8311
6505,5302
6506,7092
6507,6856
6508,6848
6509,5637
6510,2247
6511,8233
6512,6910
6513,3594
6514,1051
6515,5773
6516,7431
6517,1198
6518,6300
6519,4689
6520,5950
6521,4368
6522,6163
6523,4171
6524,9138
6525,9360
6526,4733
6527,804
6528,7041
6529,1511
6530,4948
6531,8431
6532,442
6533,3815
6534,8740
6535,1450
6536,7109
6537,4940
6538,1729
6539,520
6540,3779
6541,6005
6542,3037
6543,6456
6544,5430
6545,3697
6546,4568
6547,5634
6548,6274
6549,2201
6550,5586
6551,3890
6552,3301
6553,3431
6554,453
6555,1195
6556,1227
6557,4198
6558,4792
6559,6926
6560,5246
6561,2266
6562,1722
6563,3973
6564,249
6565,2882
6566,9146
6567,3889
6568,1696
6569,7188
6570,7039
6571,9373
6572,5561
6573,5187
6574,3428
6575,1805
6576,8488
6577,3683
6578,7882
6579,5538
6580,7946
6581,836
6582,2871
6583,3978
6584,1763
6585,5475
6586,6628
6587,5712
6588,8834
6589,6194
6590,4742
6591,9232
6592,1019
6593,778
6594,1434
6595,664
6596,4718
6597,7215
6598,9169
6599,5104
6600,8308
6601,3710
6602,505
6603,6853
6604,8968
6605,2798
6606,6243
6607,494
6608,7061
6609,1326
6610,6599
6611,9001
6612,278
6613,4610
6614,1453
6615,2763
6616,2425
6617,6614
6618,8864
6619,2322
6620,5555
6621,2150
6622,8095
6623,9384
6624,4124
6625,1091
6626,8369
6627,3736
6628,7077
6629,3850
6630,2533
6631,7866
6632,1115
6633,4785
6634,3045
6635,6823
6636,8975
6637,3522
6638,5043
6639,2978
6640,6692
6641,7124
6642,8941
6643,4757
6644,6522
6645,4148
6646,3407
6647,9671
6648,9388
6649,1922
6650,2451
6651,3457
6652,4884
6653,9664
6654,9296
6655,3186
6656,9081
6657,6703
6658,7007
6659,9396
6660,4110
6661,5368
6662,1821
6663,5477
6664,9044
6665,5018
6666,3940
6667,6747
6668,5531
6669,9176
6670,3627
6671,2085
6672,7767
6673,3703
6674,647
6675,5765
6676,4710
6677,8687
6678,1473
6679,6528
6680,286
6681,6888
6682,4972
6683,4918
6684,1825
6685,4389
6686,8877
6687,3068
6688,67
6689,1028
6690,809
6691,3234
6692,4511
6693,3741
6694,4802
6695,2111
6696,93
6697,8694
6698,4239
6699,257
6700,7849
6701,519
6702,8297
6703,3459
6704,4500
6705,6084
6706,5870
6707,6718
6708,585
6709,3898
6710,1440
6711,1500
6712,4119
6713,8823
6714,9281
6715,1500
6716,6579
6717,2577
6718,4792
6719,338
6720,1633
6721,1731
6722,9411
6723,8599
6724,1732
6725,1777
6726,7419
6727,7470
6728,4673
6729,3085
6730,6611
6731,391
6732,749
6733,1620
6734,5093
6735,3395
6736,3899
6737,890
6738,4756
6739,2577
6740,8997
6741,9144
6742,1314
6743,7242
6744,6025
6745,4002
6746,5847
6747,2859
6748,8452
6749,6701
6750,9519
6751,1312
6752,1200
6753,4406
6754,2724
6755,8368
6756,3225
6757,8959
6758,5125
6759,1941
6760,9333
6761,729
6762,168
6763,9605
6764,2994
6765,1639
6766,3213
6767,6864
6768,5560
6769,3478
6770,6854
6771,6723
6772,7144
6773,9422
6774,8981
6775,1333
6776,4306
6777,69
6778,606
6779,2407
6780,2839
6781,3845
6782,6540
6783,9338
6784,7037
6785,4377
6786,2201
6787,1909
6788,5501
6789,4977
6790,1235
6791,6555
6792,3678
6793,2353
6794,1037
6795,5083
6796,6548
6797,3821
6798,6817
6799,1984
6800,6393
6801,5362
6802,6809
6803,4577
6804,2712
6805,118
6806,1646
6807,7896
6808,5744
6809,5557
6810,4164
6811,7749
6812,5618
6813,9721
6814,5099
6815,6185
6816,6243
6817,5427
6818,7057
6819,8329
6820,4765
6821,5454
6822,310
6823,382
6824,8230
6825,7556
6826,4500
6827,459
6828,6649
6829,7838
6830,188
6831,1225
6832,8993
6833,6727
6834,2005
6835,1244
6836,7934
6837,3940
6838,7604
6839,5540
6840,4196
6841,8639
6842,1642
6843,4895
6844,8731
6845,6603
6846,1004
6847,3226
6848,2528
6849,7204
6850,5626
6851,4686
6852,5768
6853,9371
6854,1132
6855,1550
6856,8232
6857,8473
6858,1463
6859,3755
6860,5926
6861,2309
6862,308
6863,3975
6864,3024
6865,4819
6866,9020
6867,1055
6868,3427
6869,3811
6870,6557
6871,8596
6872,569
6873,5369
6874,1748
6875,8944
6876,3009
6877,4290
6878,2183
6879,4321
6880,6820
6881,1913
6882,159
6883,9348
6884,7197
6885,1079
6886,6214
6887,438
6888,2102
6889,2250
6890,6915
6891,2062
6892,5567
6893,369
6894,4093
6895,2851
6896,6780
6897,5921
6898,6131
6899,6041
6900,414
6901,8011
6902,4630
6903,3622
6904,2170
6905,8719
6906,3086
6907,3819
6908,5048
6909,4586
6910,4470
6911,3914
6912,8834
6913,9470
6914,6564
6915,2571
6916,7567
6917,2220
6918,6604
6919,779
6920,1997
6921,7807
6922,2858
6923,6254
6924,697
6925,7630
6926,1285
6927,1844
6928,5996
6929,4026
6930,506
6931,2287
6932,4911
6933,8381
6934,7535
6935,3221
6936,2804
6937,457
6938,6167
6939,6033
6940,3572
6941,4831
6942,6359
6943,4460
6944,7691
6945,7300
6946,6635
6947,6731
6948,5387
6949,4048
6950,4321
6951,6203
6952,7258
6953,3475
6954,1356
6955,5250
6956,6780
6957,4401
6958,3012
6959,7416
6960,2544
6961,9211
6962,6988
6963,3950
6964,6062
6965,7321
6966,7307
6967,7255
6968,1024
6969,2715
6970,6226
6971,8394
6972,5404
6973,560
6974,7683
6975,287
6976,9594
6977,8072
6978,1799
6979,5022
6980,5233
6981,2925
6982,5559
6983,6054
6984,4150
6985,7184
6986,7497
6987,382
6988,3109
6989,1311
6990,846
6991,6670
6992,2825
6993,4806
6994,1676
6995,4430
6996,8364
6997,8256
6998,1503
6999,4927
7000,7431
7001,7674
7002,2851
7003,2727
7004,1752
7005,1925
7006,5788
7007,6898
7008,3910
7009,5798
7010,3
7011,1706
7012,1583
7013,1588
7014,4022
7015,9797
7016,834
7017,4422
7018,878
7019,4765
7020,4687
7021,2184
7022,2794
7023,7295
7024,207
7025,7140
7026,5510
7027,488
7028,2890
7029,3293
7030,3339
7031,8998
7032,5945
7033,2999
7034,6376
7035,3757
7036,8126
7037,6498
7038,4980
7039,9192
7040,6580
7041,9472
7042,8410
7043,6124
7044,8578
7045,494
7046,9135
7047,9802
7048,5948
7049,4221
7050,7021
7051,819
7052,232
7053,1750
7054,2455
7055,7069
7056,9484
7057,9543
7058,6397
7059,5363
7060,4396
7061,9485
7062,6339
7063,567
7064,8742
7065,4508
7066,7427
7067,5248
7068,3599
7069,6180
7070,1581
7071,4208
7072,3739
7073,3862
7074,908
7075,270
7076,5673
7077,2709
7078,9003
7079,5368
7080,417
7081,9477
7082,7074
7083,7096
7084,3797
7085,6075
7086,5870
7087,2396
7088,2198
7089,3807
7090,6766
7091,4303
7092,6449
7093,7640
7094,7371
7095,3351
7096,1806
7097,1728
7098,9561
7099,8286
7100,5528
7101,3736
7102,6354
7103,9092
7104,6404
7105,1289
7106,823
7107,229
7108,9625
7109,4383
7110,6823
7111,9009
7112,1133
7113,7792
7114,7275
7115,1055
7116,910
7117,2282
7118,8714
7119,6734
7120,8704
7121,9695
7122,6559
7123,4942
7124,5911
7125,9233
7126,6473
7127,5294
7128,8331
7129,2448
7130,1326
7131,1459
7132,2594
7133,5944
7134,5998
7135,8367
7136,6816
7137,214
7138,5286
7139,2153
7140,1340
7141,1646
7142,4003
7143,475
7144,5105
7145,6458
7146,9028
7147,7245
7148,650
7149,5970
7150,4825
7151,6125
7152,5570
7153,5767
7154,532
7155,7408
7156,7639
7157,5161
7158,3749
7159,7758
7160,2511
7161,1699
7162,6072
7163,7665
7164,6015
7165,8047
7166,8247
7167,5640
7168,8670
7169,3192
7170,8110
7171,9869
7172,4527
7173,9280
7174,7502
7175,1799
7176,464
7177,6280
7178,7754
7179,1566
7180,3102
7181,7893
7182,7053
7183,4080
7184,2893
7185,9820
7186,58
7187,8922
7188,5239
7189,7099
7190,1953
7191,5523
7192,9063
7193,2119
7194,8222
7195,3419
7196,155
7197,5112
7198,9111
7199,7460
7200,4550
7201,5620
7202,254
7203,2624
7204,5415
7205,5235
7206,459
7207,5530
7208,8357
7209,2876
7210,4588
7211,5792
7212,8891
7213,9088
7214,4569
7215,9261
7216,9061
7217,2787
7218,6791
7219,6058
7220,8791
7221,435
7222,4620
7223,2071
7224,9324
7225,7553
7226,1735
7227,5104
7228,9700
7229,367
7230,7594
7231,6659
7232,907
7233,1391
7234,400
7235,9045
7236,6571
7237,667
7238,6554
7239,3537
7240,9861
7241,999
7242,8475
7243,9421
7244,2443
7245,1511
7246,759
7247,3579
7248,6738
7249,2742
7250,7119
7251,5264
7252,6435
7253,6138
7254,6138
7255,8963
7256,8728
7257,3523
7258,1366
7259,4256
7260,9157
7261,2134
7262,2038
7263,4440
7264,3917
7265,8464
7266,1328
7267,3738
7268,7717
7269,1622
7270,2738
7271,8068
7272,9166
7273,8417
7274,7532
7275,2426
7276,5343
7277,9127
7278,9229
7279,644
7280,8872
7281,1092
7282,1685
7283,3172
7284,7978
7285,4125
7286,6272
7287,3937
7288,7085
7289,160
7290,117
7291,2595
7292,687
7293,4675
7294,581
7295,9329
7296,7158
7297,8271
7298,3798
7299,8159
7300,2298
7301,7201
7302,8378
7303,2755
7304,1820
7305,8555
7306,8623
7307,3077
7308,3634
7309,6992
7310,6838
7311,9721
7312,3051
7313,7657
7314,917
7315,9549
7316,2550
7317,3555
7318,2502
7319,2230
7320,4187
7321,2597
7322,8385
7323,1347
7324,8221
7325,7600
7326,8163
7327,9178
7328,5017
7329,5664
7330,9552
7331,4192
7332,4608
7333,4395
7334,5345
7335,746
7336,4725
7337,4859
7338,7557
7339,3456
7340,2020
7341,8396
7342,2640
7343,1199
7344,3451
7345,3706
7346,4484
7347,7989
7348,3256
7349,7488
7350,9743
7351,7719
7352,7999
7353,6894
7354,9065
7355,9204
7356,7446
7357,7324
7358,8213
7359,4115
7360,3235
7361,9819
7362,3835
7363,6784
7364,3334
7365,4395
7366,7766
7367,2634
7368,9567
7369,4456
7370,3225
7371,1604
7372,9504
7373,5179
7374,7209
7375,3468
7376,8218
7377,2795
7378,2140
7379,4278
7380,7610
7381,3041
7382,3155
7383,6322
7384,9569
7385,8380
7386,3409
7387,4159
7388,6903
7389,2824
7390,8976
7391,153
7392,5088
7393,5036
7394,5390
7395,5908
7396,1011
7397,5752
7398,9284
7399,7731
7400,8706
7401,5548
7402,939
7403,3294
7404,3285
7405,8212
7406,9527
7407,7107
7408,2429
7409,3526
7410,8513
7411,5723
7412,5634
7413,6291
7414,5689
7415,1264
7416,5626
7417,7926
7418,35
7419,9106
7420,6675
7421,5441
7422,6539
7423,461
7424,1047
7425,4376
7426,5159
7427,3858
7428,4181
7429,8108
7430,4473
7431,5979
7432,8721
7433,7574
7434,7041
7435,139
7436,6301
7437,3096
7438,6496
7439,7682
7440,3544
7441,6105
7442,9030
7443,2008
7444,3342
7445,4040
7446,1887
7447,5415
7448,2865
7449,1016
7450,8526
7451,423
7452,4218
7453,7777
7454,8253
7455,6754
7456,2824
7457,2872
7458,5979
7459,1903
7460,7368
7461,6441
7462,4233
7463,5433
7464,655
7465,5849
7466,6977
7467,4060
7468,8381
7469,5380
7470,3134
7471,7954
7472,1419
7473,8035
7474,2421
7475,1469
7476,9570
7477,5596
7478,8114
7479,3222
7480,880
7481,1804
7482,2004
7483,1985
7484,8488
7485,8020
7486,6181
7487,2738
7488,8626
7489,5896
7490,1203
7491,2939
7492,1642
7493,3615
7494,4416
7495,2435
7496,5118
7497,8088
7498,8480
7499,2077
7500,8465
7501,2068
7502,8986
7503,2407
7504,4461
7505,6571
7506,7390
7507,5851
7508,7810
7509,2572
7510,6490
7511,6461
7512,5874
7513,9511
7514,7304
7515,1551
7516,2580
7517,3457
7518,5549
7519,9440
7520,9137
7521,6366
7522,9110
7523,4968
7524,3181
7525,8940
7526,6418
7527,2848
7528,2892
7529,3728
7530,5994
7531,8661
7532,8653
7533,8809
7534,4001
7535,4498
7536,2135
7537,5577
7538,7942
7539,9165
7540,2889
7541,8616
7542,4170
7543,9126
7544,8863
7545,1532
7546,9210
7547,4451
7548,8625
7549,2396
7550,2317
7551,2522
7552,253
7553,2492
7554,6395
7555,9307
7556,9297
7557,6905
7558,7981
7559,1895
7560,392
7561,8760
7562,6534
7563,9598
7564,3869
7565,6647
7566,915
7567,8394
7568,1337
7569,848
7570,4425
7571,823
7572,9253
7573,2462
7574,3945
7575,7076
7576,6067
7577,8678
7578,5725
7579,7810
7580,4946
7581,5002
7582,4477
7583,117
7584,2556
7585,5314
7586,2760
7587,5428
7588,6655
7589,7020
7590,3526
7591,6704
7592,6882
7593,7075
7594,9606
7595,592
7596,7773
7597,9344
7598,1175
7599,2162
7600,9608
7601,4720
7602,803
7603,2878
7604,3268
7605,4751
7606,9625
7607,562
7608,8894
7609,4820
7610,5639
7611,5430
7612,6244
7613,1519
7614,2381
7615,5524
7616,5085
7617,9416
7618,4405
7619,8171
7620,670
7621,934
7622,4536
7623,2832
7624,740
7625,8955
7626,3648
7627,2648
7628,5388
7629,591
7630,5557
7631,9159
7632,4683
7633,5667
7634,1733
7635,3463
7636,3418
7637,8381
7638,5378
7639,4565
7640,5582
7641,9718
7642,7962
7643,5877
7644,7225
7645,4892
7646,6908
7647,8443
7648,9186
7649,4988
7650,2626
7651,6401
7652,8083
7653,7584
7654,2695
7655,3362
7656,1777
7657,9333
7658,6320
7659,8139
7660,1616
7661,5399
7662,7615
7663,4949
7664,8794
7665,9719
7666,5702
7667,4209
7668,5379
7669,4126
7670,1208
7671,2404
7672,1026
7673,887
7674,6956
7675,9339
7676,9169
7677,1798
7678,3228
7679,5031
7680,7566
7681,6126
7682,5994
7683,2676
7684,4371
7685,7158
7686,5383
7687,9575
7688,2880
7689,3450
7690,7401
7691,5756
7692,3391
7693,5855
7694,4378
7695,7772
7696,6514
7697,6588
7698,2816
7699,9827
7700,2932
7701,7693
7702,3826
7703,4955
7704,7608
7705,9625
7706,4626
7707,9149
7708,4925
7709,2068
7710,6844
7711,9457
7712,5318
7713,8693
7714,4813
7715,4037
7716,9437
7717,4795
7718,1921
7719,6414
7720,7553
7721,4659
7722,3807
7723,5525
7724,5572
7725,443
7726,4930
7727,4097
7728,5920
7729,7824
7730,1995
7731,1717
7732,7873
7733,4835
7734,2521
7735,8933
7736,830
7737,9345
7738,5430
7739,9220
7740,1976
7741,6079
7742,2403
7743,7139
7744,8619
7745,542
7746,5014
7747,6292
7748,5535
7749,3707
7750,3274
7751,417
7752,2669
7753,2821
7754,8999
7755,9183
7756,62
7757,7277
7758,3721
7759,8589
7760,5209
7761,4710
7762,2245
7763,4987
7764,6531
7765,326
7766,7192
7767,1654
7768,2480
7769,7715
7770,7779
7771,6002
7772,8027
7773,7415
7774,1752
7775,1910
7776,7704
7777,8396
7778,3147
7779,9634
7780,4651
7781,6781
7782,3534
7783,4767
7784,734
7785,7626
7786,9150
7787,4646
7788,8117
7789,9386
7790,6233
7791,8515
7792,9050
7793,7276
7794,6911
7795,3450
7796,7927
7797,8329
7798,9004
7799,571
7800,1530
7801,8397
7802,5074
7803,8270
7804,7468
7805,3219
7806,9108
7807,7733
7808,5632
7809,2950
7810,31
7811,8961
7812,6085
7813,5641
7814,5914
7815,9348
7816,9116
7817,356
7818,5564
7819,493
7820,8443
7821,6588
7822,8922
7823,345
7824,7199
7825,4729
7826,3119
7827,8913
7828,40
7829,2917
7830,4369
7831,1790
7832,7497
7833,2599
7834,2665
7835,8162
7836,8570
7837,4182
7838,8759
7839,7202
7840,5937
7841,1845
7842,9600
7843,5203
7844,8495
7845,9170
7846,5527
7847,9596
7848,3596
7849,6011
7850,9616
7851,6080
7852,895
7853,6124
7854,7608
7855,5254
7856,4163
7857,2343
7858,9291
7859,7012
7860,4762
7861,2725
7862,4650
7863,5526
7864,6550
7865,7786
7866,201
7867,2332
7868,3766
7869,3345
7870,481
7871,7639
7872,810
7873,7208
7874,7472
7875,4273
7876,4241
7877,726
7878,7550
7879,3238
7880,2456
7881,8043
7882,5930
7883,7784
7884,6437
7885,3576
7886,9518
7887,5470
7888,3138
7889,2778
7890,4911
7891,1327
7892,9706
7893,9457
7894,4141
7895,1723
7896,8766
7897,6464
7898,9427
7899,3218
7900,6209
7901,1140
7902,9647
7903,1989
7904,5221
7905,1815
7906,5086
7907,2317
7908,8537
7909,8687
7910,8240
7911,9652
7912,6396
7913,8278
7914,4724
7915,9572
7916,2147
7917,1697
7918,4924
7919,3274
7920,1305
7921,7939
7922,3292
7923,2427
7924,3740
7925,3055
7926,5724
7927,7559
7928,894
7929,5098
7930,4085
7931,2641
7932,8785
7933,455
7934,7352
7935,7070
7936,7032
7937,5133
7938,3055
7939,7976
7940,1827
7941,8583
7942,7565
7943,1142
7944,4335
7945,9820
7946,387
7947,9596
7948,5235
7949,5022
7950,6176
7951,9487
7952,5679
7953,3564
7954,7379
7955,7338
7956,6285
7957,2323
7958,8729
7959,9664
7960,4232
7961,2501
7962,1641
7963,10
7964,801
7965,9375
7966,6836
7967,7378
7968,8075
7969,8235
7970,8754
7971,8757
7972,9243
7973,4411
7974,8094
7975,764
7976,6162
7977,96
7978,5668
7979,2233
7980,9544
7981,9671
7982,5432
7983,7192
7984,1116
7985,7853
7986,7642
7987,9406
7988,5512
7989,1271
7990,1276
7991,7771
7992,3893
7993,7557
7994,3306
7995,777
7996,8225
7997,7781
7998,2166
7999,4186
8000,5506
8001,7481
8002,5273
8003,2657
8004,7373
8005,8934
8006,747
8007,8196
8008,7619
8009,6226
8010,3772
8011,3506
8012,2362
8013,9243
8014,9155
8015,7925
8016,7424
8017,2157
8018,9544
8019,4170
8020,1828
8021,7099
8022,9369
8023,8890
8024,2687
8025,5029
8026,8765
8027,8548
8028,3668
8029,5786
8030,9536
8031,7621
8032,9067
8033,2775
8034,679
8035,5955
8036,3564
8037,7630
8038,3528
8039,7482
8040,7402
8041,2324
8042,7628
8043,9306
8044,3860
8045,8978
8046,8658
8047,5867
8048,4874
8049,8767
8050,3465
8051,4905
8052,492
8053,5401
8054,709
8055,2001
8056,6777
8057,5051
8058,6101
8059,5576
8060,5917
8061,5559
8062,234
8063,5017
8064,8767
8065,4440
8066,2783
8067,6924
8068,9101
8069,2634
8070,8773
8071,9449
8072,32
8073,6895
8074,7023
8075,6411
8076,3649
8077,5515
8078,5191
8079,872
8080,3916
8081,7095
8082,1463
8083,9053
8084,2631
8085,9482
8086,1642
8087,5999
8088,4534
8089,5319
8090,8036
8091,3464
8092,8078
8093,3821
8094,8128
8095,3186
8096,6766
8097,7838
8098,4124
8099,7434
8100,8275
8101,9314
8102,9695
8103,6512
8104,8467
8105,3668
8106,9454
8107,8128
8108,2761
8109,7727
8110,2712
8111,6577
8112,4319
8113,1457
8114,3616
8115,4385
8116,9023
8117,611
8118,2187
8119,1478
8120,2873
8121,4704
8122,2519
8123,7351
8124,5042
8125,3796
8126,5041
8127,3578
8128,8448
8129,6831
8130,5715
8131,8590
8132,4134
8133,9700
8134,8614
8135,611
8136,5681
8137,9054
8138,1634
8139,5896
8140,8462
8141,5718
8142,2036
8143,4136
8144,2828
8145,9649
8146,9305
8147,5481
8148,3462
8149,8537
8150,4529
8151,2931
8152,8031
8153,8590
8154,588
8155,4000
8156,2907
8157,6087
8158,6362
8159,1070
8160,6373
8161,7632
8162,426
8163,4498
8164,8214
8165,6869
8166,7149
8167,1414
8168,8749
8169,5024
8170,5491
8171,9655
8172,2955
8173,2525
8174,3421
8175,4706
8176,757
8177,7860
8178,7538
8179,2164
8180,2438
8181,8835
8182,4741
8183,7380
8184,4122
8185,3884
8186,8604
8187,4315
8188,7320
8189,8417
8190,863
8191,6261
8192,8165
8193,6706
8194,1104
8195,6404
8196,5897
8197,1965
8198,2107
8199,6358
8200,5137
8201,2090
8202,2316
8203,3655
8204,7336
8205,3808
8206,3567
8207,5989
8208,6303
8209,4244
8210,1251
8211,6129
8212,1141
8213,1465
8214,3543
8215,4838
8216,7647
8217,7252
8218,4814
8219,1798
8220,4672
8221,7390
8222,5245
8223,5730
8224,6961
8225,2174
8226,8680
8227,5380
8228,3059
8229,322
8230,4137
8231,1714
8232,6368
8233,8692
8234,8627
8235,5846
8236,6886
8237,5766
8238,8560
8239,9715
8240,7184
8241,3567
8242,7088
8243,4195
8244,6883
8245,4963
8246,9638
8247,4084
8248,922
8249,9473
8250,6440
8251,6277
8252,1859
8253,1994
8254,4782
8255,6473
8256,2507
8257,1671
8258,2348
8259,865
8260,3947
8261,3417
8262,9067
8263,2929
8264,2141
8265,3860
8266,4364
8267,580
8268,8314
8269,3726
8270,5742
8271,4621
8272,3015
8273,4389
8274,9932
8275,2450
8276,6050
8277,9718
8278,2870
8279,1743
8280,5257
8281,5992
8282,9719
8283,1025
8284,4455
8285,5222
8286,3989
8287,2341
8288,4906
8289,9536
8290,6262
8291,4000
8292,4399
8293,5614
8294,9722
8295,5831
8296,4756
8297,7183
8298,4924
8299,5202
8300,522
8301,2472
8302,1764
8303,1606
8304,3782
8305,4720
8306,2301
8307,5336
8308,9602
8309,2216
8310,4769
8311,8901
8312,7199
8313,6757
8314,9211
8315,395
8316,1116
8317,9334
8318,7901
8319,7811
8320,9331
8321,7456
8322,6808
8323,7866
8324,7759
8325,4148
8326,3008
8327,2303
8328,9429
8329,3805
8330,3497
8331,5791
8332,1751
8333,5180
8334,3269
8335,3378
8336,7171
8337,6430
8338,8640
8339,5146
8340,5040
8341,918
8342,3242
8343,8073
8344,4283
8345,4138
8346,5342
8347,4479
8348,8313
8349,5862
8350,4255
8351,4628
8352,6785
8353,437
8354,1804
8355,5815
8356,2448
8357,5820
8358,5787
8359,1688
8360,5538
8361,7100
8362,4677
8363,5821
8364,9171
8365,8463
8366,5653
8367,8809
8368,9270
8369,7338
8370,2794
8371,5957
8372,9669
8373,7136
8374,2101
8375,5426
8376,745
8377,8487
8378,7778
8379,8109
8380,6636
8381,6341
8382,2848
8383,2339
8384,7672
8385,9224
8386,534
8387,9579
8388,8362
8389,2786
8390,1713
8391,6271
8392,5610
8393,3744
8394,7859
8395,3498
8396,5010
8397,3112
8398,9692
8399,2905
8400,6260
8401,6766
8402,8346
8403,5623
8404,8220
8405,7034
8406,5201
8407,4293
8408,787
8409,2376
8410,6215
8411,2361
8412,4578
8413,6966
8414,4604
8415,9742
8416,6291
8417,6668
8418,8632
8419,4126
8420,4497
8421,7327
8422,5580
8423,511
8424,8653
8425,5266
8426,8145
8427,543
8428,8393
8429,9744
8430,6020
8431,5336
8432,9665
8433,9624
8434,5609
8435,1353
8436,3911
8437,6475
8438,7019
8439,2307
8440,4499
8441,677
8442,4308
8443,5525
8444,3093
8445,5871
8446,8946
8447,4126
8448,1793
8449,8963
8450,8113
8451,6979
8452,8951
8453,7665
8454,8258
8455,6243
8456,1514
8457,6210
8458,7703
8459,7106
8460,6814
8461,1599
8462,9052
8463,2571
8464,5432
8465,3122
8466,3884
8467,6026
8468,6154
8469,9713
8470,1785
8471,6442
8472,8306
8473,4830
8474,7438
8475,7911
8476,1843
8477,9561
8478,4922
8479,7323
8480,8310
8481,3656
8482,8301
8483,7631
8484,1973
8485,9754
8486,7733
8487,6247
8488,3628
8489,3021
8490,1744
8491,4180
8492,985
8493,3207
8494,1173
8495,4305
8496,5275
8497,6992
8498,3091
8499,5901
8500,5928
8501,2686
8502,3856
8503,8239
8504,5967
8505,1603
8506,6280
8507,4327
8508,6771
8509,5263
8510,823
8511,8121
8512,9173
8513,6726
8514,5053
8515,8261
8516,8089
8517,5124
8518,1828
8519,6236
8520,7604
8521,4518
8522,1634
8523,530
8524,7103
8525,9759
8526,9661
8527,9594
8528,3050
8529,6844
8530,4371
8531,2151
8532,1368
8533,9013
8534,7440
8535,7793
8536,8560
8537,3355
8538,7858
8539,6104
8540,6003
8541,2320
8542,9734
8543,1723
8544,9293
8545,5711
8546,9591
8547,2124
8548,6656
8549,2821
8550,5286
8551,6877
8552,7241
8553,1188
8554,5225
8555,9592
8556,840
8557,3004
8558,5227
8559,1506
8560,5800
8561,7653
8562,6555
8563,7133
8564,9184
8565,722
8566,7343
8567,2803
8568,4562
8569,2077
8570,7883
8571,6210
8572,1995
8573,2529
8574,4044
8575,8357
8576,499
8577,9295
8578,6184
8579,6761
8580,3819
8581,6057
8582,8577
8583,9337
8584,8086
8585,8175
8586,516
8587,8711
8588,5940
8589,6290
8590,5654
8591,2522
8592,1171
8593,5823
8594,5405
8595,5829
8596,8872
8597,8802
8598,3588
8599,7535
8600,5606
8601,8107
8602,8110
8603,8810
8604,8694
8605,6676
8606,3706
8607,753
8608,6914
8609,2790
8610,6798
8611,9192
8612,6623
8613,5585
8614,5173
8615,2284
8616,4561
8617,922
8618,7116
8619,4786
8620,405
8621,8908
8622,8042
8623,6752
8624,3258
8625,5333
8626,1975
8627,9663
8628,5555
8629,4159
8630,7172
8631,3878
8632,570
8633,6532
8634,6911
8635,5880
8636,8713
8637,7996
8638,9342
8639,1675
8640,5433
8641,31
8642,6857
8643,5016
8644,9808
8645,9774
8646,2469
8647,9723
8648,4129
8649,6964
8650,7726
8651,7376
8652,2472
8653,4191
8654,7500
8655,5266
8656,1824
8657,5350
8658,1299
8659,9156
8660,3937
8661,1585
8662,4375
8663,5681
8664,5166
8665,3937
8666,7757
8667,8323
8668,8208
8669,8571
8670,6501
8671,3835
8672,5043
8673,7084
8674,5728
8675,6036
8676,2602
8677,8865
8678,2058
8679,2571
8680,4215
8681,5069
8682,9685
8683,8241
8684,7024
8685,1826
8686,7703
8687,3170
8688,8994
8689,6863
8690,2010
8691,7733
8692,2883
8693,5572
8694,1273
8695,5392
8696,3928
8697,7467
8698,5880
8699,573
8700,7666
8701,5410
8702,7209
8703,6765
8704,1402
8705,7906
8706,4802
8707,9161
8708,4943
8709,7776
8710,689
8711,6804
8712,6389
8713,6123
8714,8302
8715,7599
8716,8855
8717,2362
8718,255
8719,6295
8720,8675
8721,2147
8722,3061
8723,8390
8724,8113
8725,1529
8726,1676
8727,7155
8728,3810
8729,5556
8730,1740
8731,6562
8732,2523
8733,2945
8734,6402
8735,6297
8736,1482
8737,6086
8738,8091
8739,4735
8740,9173
8741,3224
8742,5822
8743,8417
8744,6647
8745,5637
8746,9357
8747,3721
8748,6137
8749,9199
8750,280
8751,1798
8752,2780
8753,8023
8754,9614
8755,3894
8756,2984
8757,1142
8758,8945
8759,5910
8760,4330
8761,334
8762,9102
8763,7178
8764,4043
8765,599
8766,2272
8767,7991
8768,4274
8769,7371
8770,7888
8771,7573
8772,7030
8773,3786
8774,7061
8775,1800
8776,6084
8777,5357
8778,8525
8779,9708
8780,7573
8781,8946
8782,9054
8783,8553
8784,4311
8785,7785
8786,439
8787,8844
8788,7960
8789,8793
8790,9488
8791,2278
8792,7813
8793,7274
8794,1533
8795,7542
8796,4547
8797,4040
8798,3022
8799,8847
8800,5151
8801,4935
8802,7773
8803,6847
8804,5720
8805,4006
8806,5226
8807,8276
8808,6975
8809,4422
8810,3090
8811,1995
8812,7229
8813,4864
8814,9615
8815,9714
8816,8449
8817,8569
8818,8349
8819,1438
8820,2291
8821,4116
8822,9796
8823,5497
8824,8631
8825,2220
8826,2366
8827,7513
8828,5070
8829,3304
8830,5880
8831,6254
8832,9137
8833,6763
8834,7872
8835,7099
8836,7578
8837,6747
8838,4205
8839,7967
8840,5453
8841,6609
8842,9801
8843,9683
8844,1371
8845,6144
8846,5957
8847,5137
8848,3860
8849,1443
8850,6852
8851,407
8852,1810
8853,4426
8854,6949
8855,3518
8856,6197
8857,6343
8858,5921
8859,2561
8860,1256
8861,5464
8862,4234
8863,9613
8864,9183
8865,6431
8866,2753
8867,3396
8868,5490
8869,6948
8870,656
8871,8498
8872,8156
8873,2438
8874,6669
8875,5546
8876,8832
8877,9259
8878,2828
8879,1675
8880,5112
8881,1675
8882,5977
8883,1564
8884,6200
8885,244
8886,7005
8887,4905
8888,8793
8889,7087
8890,3025
8891,5840
8892,3485
8893,9503
8894,5765
8895,4721
8896,4508
8897,3271
8898,9477
8899,4086
8900,5899
8901,7626
8902,4637
8903,2678
8904,8967
8905,9097
8906,6400
8907,9720
8908,9813
8909,8532
8910,9519
8911,7214
8912,6381
8913,1010
8914,5454
8915,4691
8916,6654
8917,5706
8918,7866
8919,5948
8920,9022
8921,9085
8922,5822
8923,7830
8924,7104
8925,4053
8926,2784
8927,3398
8928,5841
8929,6417
8930,8875
8931,6278
8932,8874
8933,9443
8934,3308
8935,1374
8936,1757
8937,5158
8938,7750
8939,8547
8940,971
8941,2374
8942,5344
8943,9368
8944,7056
8945,2615
8946,6539
8947,1177
8948,1092
8949,3065
8950,4210
8951,3207
8952,9818
8953,4139
8954,7239
8955,2796
8956,6492
8957,2999
8958,9752
8959,5279
8960,9820
8961,8159
8962,106
8963,8868
8964,995
8965,1741
8966,3851
8967,7632
8968,2817
8969,9596
8970,9075
8971,7586
8972,3217
8973,5619
8974,6536
8975,3312
8976,961
8977,7215
8978,904
8979,4051
8980,8443
8981,5546
8982,7281
8983,646
8984,6628
8985,6194
8986,8556
8987,6617
8988,8733
8989,8635
8990,8205
8991,4664
8992,3362
8993,8423
8994,9202
8995,2875
8996,6013
8997,7487
8998,6872
8999,8643
9000,9827
9001,9002
9002,1639
9003,9207
9004,8713
9005,293
9006,8174
9007,3058
9008,7229
9009,9306
9010,9447
9011,702
9012,3341
9013,7293
9014,5170
9015,5095
9016,8058
9017,8351
9018,5328
9019,9225
9020,8040
9021,2330
9022,2109
9023,5149
9024,5823
9025,9841
9026,2608
9027,3695
9028,9156
9029,9144
9030,5725
9031,6620
9032,4183
9033,2073
9034,8755
9035,3724
9036,5426
9037,7173
9038,6737
9039,2793
9040,2457
9041,3594
9042,2578
9043,9301
9044,2775
9045,4459
9046,9586
9047,9069
9048,5396
9049,3089
9050,3481
9051,4050
9052,3194
9053,8550
9054,9743
9055,9031
9056,7043
9057,9362
9058,9797
9059,8675
9060,8103
9061,8702
9062,3426
9063,4802
9064,3970
9065,3958
9066,9802
9067,8772
9068,3325
9069,2916
9070,2008
9071,7975
9072,8140
9073,5420
9074,540
9075,9272
9076,9363
9077,7389
9078,2502
9079,8492
9080,6404
9081,6821
9082,8372
9083,6433
9084,7147
9085,8357
9086,9181
9087,6142
9088,5339
9089,9380
9090,1921
9091,8830
9092,6143
9093,2672
9094,4651
9095,4271
9096,3155
9097,9249
9098,3707
9099,9175
9100,1612
9101,3271
9102,8890
9103,1743
9104,6069
9105,2783
9106,4267
9107,1522
9108,3554
9109,5312
9110,3159
9111,5980
9112,9188
9113,5573
9114,9160
9115,8845
9116,8707
9117,8221
9118,4539
9119,2500
9120,7461
9121,6637
9122,7392
9123,5270
9124,3035
9125,6511
9126,693
9127,7631
9128,3568
9129,8848
9130,4681
9131,1321
9132,8169
9133,6055
9134,8648
9135,5880
9136,6360
9137,9181
9138,9580
9139,4409
9140,1519
9141,6343
9142,3920
9143,8735
9144,7289
9145,5381
9146,8821
9147,662
9148,3794
9149,5401
9150,6084
9151,4447
9152,1219
9153,665
9154,9093
9155,8521
9156,5134
9157,2638
9158,3339
9159,5511
9160,3403
9161,7845
9162,8971
9163,7539
9164,1998
9165,9816
9166,6482
9167,5946
9168,6968
9169,8010
9170,4020
9171,9231
9172,5024
9173,9226
9174,6774
9175,8055
9176,1394
9177,4576
9178,7529
9179,4014
9180,7242
9181,9039
9182,7360
9183,7162
9184,4120
9185,6387
9186,698
9187,3080
9188,1025
9189,9120
9190,5008
9191,3110
9192,5185
9193,7889
9194,8854
9195,2186
9196,2869
9197,3496
9198,425
9199,1020
9200,4397
9201,5618
9202,4784
9203,6480
9204,5557
9205,314
9206,6308
9207,2992
9208,2322
9209,6729
9210,7382
9211,9543
9212,8288
9213,8026
9214,9629
9215,3742
9216,5373
9217,6270
9218,6241
9219,9128
9220,7549
9221,4019
9222,8060
9223,9200
9224,9229
9225,8032
9226,6102
9227,8542
9228,2525
9229,2499
9230,6795
9231,6807
9232,3035
9233,9206
9234,8089
9235,186
9236,5656
9237,1616
9238,2600
9239,5701
9240,3092
9241,9404
9242,9609
9243,3138
9244,6047
9245,9884
9246,7360
9247,9254
9248,9566
9249,9690
9250,8511
9251,8455
9252,6537
9253,3709
9254,1245
9255,3666
9256,8312
9257,7256
9258,8608
9259,9655
9260,4358
9261,2534
9262,2871
9263,2746
9264,4731
9265,6086
9266,199
9267,4778
9268,8592
9269,2439
9270,6882
9271,2942
9272,3485
9273,2599
9274,5236
9275,172
9276,9861
9277,9160
9278,5694
9279,3112
9280,6789
9281,6230
9282,5617
9283,6661
9284,4622
9285,2625
9286,8170
9287,9367
9288,9292
9289,5956
9290,4651
9291,459
9292,8565
9293,6653
9294,7395
9295,2385
9296,5908
9297,7940
9298,1376
9299,8133
9300,9177
9301,6030
9302,3415
9303,9841
9304,8378
9305,1407
9306,8460
9307,9662
9308,7227
9309,3144
9310,7717
9311,4063
9312,9160
9313,2712
9314,4226
9315,5769
9316,2015
9317,4697
9318,1153
9319,6399
9320,6541
9321,4700
9322,937
9323,4979
9324,8417
9325,8795
9326,9573
9327,4707
9328,9420
9329,9026
9330,9865
9331,1762
9332,9481
9333,5773
9334,7611
9335,5202
9336,8867
9337,188
9338,7135
9339,2760
9340,4503
9341,1702
9342,2431
9343,5249
9344,6064
9345,5280
9346,9451
9347,9248
9348,9275
9349,2155
9350,8969
9351,932
9352,5723
9353,3654
9354,4683
9355,2643
9356,3341
9357,8314
9358,4936
9359,7861
9360,6915
9361,6090
9362,3713
9363,9482
9364,1366
9365,7118
9366,8412
9367,5356
9368,8600
9369,9782
9370,8784
9371,1471
9372,7708
9373,6630
9374,4975
9375,9657
9376,8686
9377,9711
9378,7389
9379,9087
9380,9229
9381,6062
9382,1625
9383,8389
9384,8216
9385,3165
9386,8434
9387,7788
9388,1537
9389,3675
9390,7121
9391,7180
9392,4073
9393,9875
9394,9438
9395,6909
9396,6468
9397,7938
9398,6379
9399,7479
9400,7680
9401,7808
9402,9690
9403,2233
9404,8315
9405,8559
9406,8326
9407,9507
9408,7419
9409,9450
9410,9594
9411,9735
9412,4218
9413,6583
9414,5700
9415,9452
9416,9624
9417,9839
9418,6958
9419,8302
9420,8533
9421,8274
9422,9146
9423,9881
9424,2089
9425,7132
9426,3001
9427,5432
9428,7425
9429,8157
9430,9884
9431,5675
9432,7275
9433,5786
9434,3717
9435,264
9436,8922
9437,9127
9438,8198
9439,9180
9440,2628
9441,4776
9442,5134
9443,4215
9444,1995
9445,1265
9446,9452
9447,8720
9448,8600
9449,9035
9450,7492
9451,4849
9452,7818
9453,9706
9454,9554
9455,9374
9456,9150
9457,3735
9458,4965
9459,9323
9460,6691
9461,2640
9462,7467
9463,8945
9464,8143
9465,3776
9466,8841
9467,1928
9468,8202
9469,3388
9470,8583
9471,9108
9472,856
9473,5444
9474,4772
9475,2154
9476,6683
9477,4271
9478,8986
9479,4564
9480,9652
9481,9470
9482,3824
9483,9320
9484,2878
9485,3262
9486,8833
9487,5072
9488,9876
9489,9514
9490,9226
9491,4341
9492,1688
9493,7183
9494,9605
9495,7491
9496,4923
9497,5182
9498,2055
9499,5426
9500,2512
9501,5839
9502,5174
9503,6663
9504,6633
9505,6207
9506,6876
9507,8160
9508,9016
9509,7420
9510,3948
9511,9283
9512,7717
9513,927
9514,9895
9515,8145
9516,2186
9517,9784
9518,7251
9519,4120
9520,4169
9521,7498
9522,8565
9523,4280
9524,9182
9525,830
9526,8120
9527,8684
9528,979
9529,9897
9530,1612
9531,2463
9532,8764
9533,2265
9534,201
9535,6341
9536,4495
9537,6432
9538,5116
9539,8421
9540,4994
9541,5173
9542,5354
9543,7428
9544,2952
9545,2496
9546,7428
9547,2577
9548,2236
9549,4759
9550,7502
9551,4448
9552,8894
9553,7392
9554,296
9555,5376
9556,2915
9557,8822
9558,3651
9559,5219
9560,3434
9561,9129
9562,1569
9563,7463
9564,4987
9565,3079
9566,8438
9567,4226
9568,4658
9569,3359
9570,9499
9571,4794
9572,5037
9573,8188
9574,2141
9575,7895
9576,6309
9577,212
9578,4605
9579,7488
9580,8777
9581,4723
9582,7379
9583,7330
9584,5982
9585,8443
9586,342
9587,4787
9588,8520
9589,7901
9590,465
9591,617
9592,4663
9593,6903
9594,5756
9595,5919
9596,5714
9597,6704
9598,6933
9599,8469
9600,7848
9601,7885
9602,7897
9603,8915
9604,9001
9605,9542
9606,689
9607,6978
9608,6943
9609,5269
9610,1803
9611,9466
9612,8231
9613,3840
9614,9463
9615,3157
9616,9190
9617,1779
9618,1414
9619,4559
9620,9786
9621,8634
9622,6985
9623,1997
9624,9420
9625,6724
9626,7564
9627,9051
9628,6009
9629,7018
9630,9436
9631,9591
9632,9689
9633,987
9634,9069
9635,8705
9636,6244
9637,4220
9638,7398
9639,5543
9640,7025
9641,6975
9642,9574
9643,9830
9644,614
9645,2550
9646,870
9647,7251
9648,8870
9649,7018
9650,6882
9651,6953
9652,7818
9653,5303
9654,8338
9655,4149
9656,1502
9657,7287
9658,8027
9659,8957
9660,7534
9661,1617
9662,8189
9663,7252
9664,6582
9665,7858
9666,6585
9667,1285
9668,5827
9669,1191
9670,7400
9671,5236
9672,3013
9673,4680
9674,6245
9675,2218
9676,8230
9677,1703
9678,4698
9679,3024
9680,5519
9681,6536
9682,9410
9683,9869
9684,6817
9685,6859
9686,2952
9687,2641
9688,7622
9689,5300
9690,9003
9691,3032
9692,4542
9693,2094
9694,8967
9695,5992
9696,9741
9697,822
9698,3872
9699,9208
9700,9563
9701,297
9702,7812
9703,5629
9704,8819
9705,9321
9706,6298
9707,4006
9708,8011
9709,5370
9710,8462
9711,1403
9712,1246
9713,6209
9714,4191
9715,5720
9716,4778
9717,8764
9718,1779
9719,6824
9720,3806
9721,6688
9722,8319
9723,4870
9724,8045
9725,8085
9726,9832
9727,6470
9728,9231
9729,9440
9730,7547
9731,9910
9732,7242
9733,9726
9734,2537
9735,8104
9736,8620
9737,4246
9738,5078
9739,8139
9740,9211
9741,7372
9742,5564
9743,4871
9744,6581
9745,2819
9746,6216
9747,5389
9748,4849
9749,4294
9750,2397
9751,9376
9752,7098
9753,7180
9754,5772
9755,4436
9756,6565
9757,2273
9758,3598
9759,8562
9760,4749
9761,6295
9762,6797
9763,4647
9764,6655
9765,9117
9766,5885
9767,5607
9768,6744
9769,9761
9770,6461
9771,6794
9772,251
9773,5001
9774,7763
9775,5024
9776,4316
9777,7246
9778,1973
9779,7936
9780,6834
9781,7471
9782,8459
9783,8084
9784,9669
9785,7281
9786,6638
9787,2301
9788,8619
9789,7343
9790,2052
9791,7153
9792,6543
9793,9253
9794,7857
9795,2855
9796,4656
9797,3630
9798,7070
9799,6458
9800,4647
9801,6543
9802,9721
9803,2206
9804,5948
9805,1887
9806,368
9807,3951
9808,2720
9809,8116
9810,4431
9811,7185
9812,7709
9813,8772
9814,3804
9815,8502
9816,9714
9817,5734
9818,1822
9819,6842
9820,7145
9821,9507
9822,4170
9823,9612
9824,335
9825,4995
9826,843
9827,2283
9828,8260
9829,1413
9830,5193
9831,7745
9832,2215
9833,9808
9834,9665
9835,8539
9836,3305
9837,3087
9838,9219
9839,7069
9840,6727
9841,612
9842,6609
9843,6076
9844,7165
9845,8426
9846,9660
9847,9889
9848,9474
9849,7264
9850,3487
9851,93
9852,8672
9853,6955
9854,6569
9855,7680
9856,2226
9857,9290
9858,7599
9859,8246
9860,9274
9861,6083
9862,9924
9863,8564
9864,3548
9865,866
9866,6046
9867,5806
9868,3470
9869,9340
9870,6345
9871,7345
9872,3455
9873,9654
9874,9757
9875,5112
9876,8308
9877,3734
9878,9502
9879,7254
9880,7153
9881,1737
9882,3253
9883,6353
9884,484
9885,4919
9886,8204
9887,1170
9888,6422
9889,1861
9890,9157
9891,6935
9892,9675
9893,9137
9894,1802
9895,9039
9896,7989
9897,9448
9898,4781
9899,4399
9900,6509
9901,903
9902,6509
9903,9103
9904,6497
9905,1958
9906,629
9907,8131
9908,2284
9909,6767
9910,1058
9911,8741
9912,7228
9913,2107
9914,9932
9915,9862
9916,2312
9917,7464
9918,418
9919,9731
9920,9663
9921,7621
9922,4539
9923,9347
9924,8012
9925,5245
9926,6020
9927,3601
9928,8789
9929,9208
9930,2599
9931,9167
9932,9643
9933,9511
9934,6303
9935,4940
9936,7591
9937,4031
9938,7903
9939,6040
9940,7424
9941,5618
9942,1612
9943,9176
9944,7273
9945,9833
9946,5790
9947,1563
9948,6774
9949,9406
9950,5213
9951,7665
9952,9013
9953,5684
9954,3389
9955,7413
9956,8120
9957,2716
9958,1236
9959,7401
9960,3610
9961,3078
9962,8702
9963,5139
9964,4787
9965,6163
9966,9142
9967,9002
9968,9867
9969,5263
9970,1311
9971,8804
9972,9756
9973,9776
9974,6735
9975,7272
9976,6913
9977,4105
9978,6401
9979,4661
9980,1481
9981,9819
9982,9585
9983,8982
9984,6918
9985,9393
9986,1600
9987,4068
9988,5906
9989,8866
9990,4081
9991,7060
9992,2438
9993,2114
9994,9464
9995,9938
9996,2808
9997,8882
9998,4190
9999,9646
10000,3628
